Time,M4_1,M4_2,M19_1,M19_2,M23_1,M23_2,M26_1,M26_2,M41_1,M41_2,M4_3,M4_4,M19_3,M19_4,M23_3,M23_4,M26_3,M26_4,M41_3,M41_4,M4_5,M4_6,M19_5,M19_6,M23_5,M23_6,M26_5,M26_6,M41_5,M41_6,M4_7,M4_8,M19_7,M19_8,M23_7,M23_8,M26_7,M26_8,M41_7,M41_8,M4_9,M4_10,M19_9,M19_10,M23_9,M23_10,M26_9,M26_10,M41_9,M41_10,M4_11,M4_12,M19_11,M19_12,M23_11,M23_12,M26_11,M26_12,M41_11,M41_12,M4_13,M4_14,M19_13,M19_14,M23_13,M23_14,M26_13,M26_14,M41_13,M41_14
0:14:10,0.154,0.121,0.106,0.125,0.112,0.127,0.111,0.112,0.142,0.125,0.13,0.143,0.125,0.122,0.111,0.11,0.121,0.114,0.141,0.151,0.123,0.124,0.119,0.126,0.116,0.127,0.122,0.125,0.152,0.139,0.123,0.139,0.112,0.129,0.129,0.108,0.121,0.116,0.157,0.162,0.13,0.126,0.122,0.116,0.131,0.11,0.115,0.112,0.16,0.171,0.134,0.119,0.119,0.131,0.115,0.11,0.117,0.117,0.132,0.16,0.114,0.138,0.126,0.128,0.123,0.128,0.116,0.111,0.14,0.138
0:29:10,0.154,0.121,0.107,0.126,0.121,0.146,0.112,0.119,0.143,0.126,0.13,0.143,0.127,0.122,0.112,0.111,0.119,0.114,0.142,0.155,0.125,0.125,0.12,0.126,0.116,0.129,0.125,0.114,0.155,0.139,0.124,0.139,0.112,0.128,0.13,0.107,0.122,0.115,0.161,0.164,0.132,0.126,0.122,0.117,0.135,0.111,0.117,0.111,0.16,0.171,0.135,0.119,0.119,0.131,0.116,0.109,0.118,0.118,0.132,0.16,0.116,0.139,0.128,0.128,0.125,0.128,0.117,0.112,0.14,0.138
0:44:10,0.156,0.123,0.108,0.129,0.124,0.157,0.117,0.12,0.143,0.127,0.132,0.144,0.129,0.124,0.113,0.115,0.124,0.116,0.144,0.156,0.125,0.126,0.121,0.127,0.118,0.133,0.125,0.115,0.158,0.141,0.125,0.141,0.114,0.13,0.133,0.11,0.123,0.116,0.161,0.166,0.133,0.128,0.124,0.118,0.137,0.114,0.117,0.113,0.168,0.175,0.137,0.121,0.12,0.132,0.118,0.111,0.119,0.119,0.134,0.163,0.117,0.14,0.129,0.129,0.127,0.132,0.118,0.114,0.142,0.14
0:59:10,0.158,0.125,0.108,0.13,0.125,0.145,0.116,0.121,0.145,0.128,0.134,0.146,0.131,0.125,0.116,0.118,0.132,0.118,0.146,0.158,0.127,0.127,0.122,0.129,0.121,0.136,0.127,0.117,0.157,0.144,0.127,0.142,0.115,0.132,0.136,0.112,0.125,0.119,0.167,0.17,0.135,0.13,0.126,0.119,0.14,0.116,0.119,0.115,0.166,0.176,0.139,0.123,0.121,0.133,0.121,0.114,0.121,0.126,0.134,0.164,0.118,0.141,0.13,0.131,0.13,0.135,0.119,0.115,0.144,0.143
1:14:10,0.161,0.128,0.109,0.131,0.14,0.172,0.119,0.126,0.146,0.13,0.138,0.148,0.132,0.127,0.118,0.121,0.125,0.12,0.148,0.159,0.13,0.13,0.124,0.13,0.125,0.141,0.131,0.129,0.163,0.145,0.13,0.144,0.116,0.134,0.139,0.115,0.128,0.12,0.168,0.167,0.138,0.132,0.128,0.12,0.144,0.119,0.124,0.117,0.168,0.18,0.141,0.125,0.123,0.135,0.124,0.117,0.124,0.129,0.14,0.167,0.12,0.144,0.134,0.132,0.134,0.14,0.122,0.118,0.144,0.146
1:29:10,0.163,0.131,0.113,0.134,0.177,0.153,0.123,0.133,0.148,0.133,0.138,0.15,0.135,0.13,0.12,0.124,0.138,0.124,0.152,0.159,0.133,0.133,0.126,0.133,0.129,0.147,0.143,0.136,0.162,0.147,0.132,0.147,0.117,0.137,0.142,0.117,0.131,0.123,0.165,0.185,0.141,0.134,0.131,0.122,0.146,0.123,0.134,0.119,0.172,0.182,0.142,0.127,0.126,0.137,0.126,0.12,0.127,0.127,0.136,0.171,0.123,0.147,0.138,0.134,0.137,0.143,0.125,0.121,0.147,0.15
1:44:10,0.17,0.136,0.112,0.138,0.165,0.174,0.129,0.139,0.149,0.136,0.141,0.155,0.137,0.134,0.123,0.131,0.134,0.127,0.155,0.166,0.137,0.136,0.129,0.137,0.135,0.157,0.148,0.162,0.17,0.15,0.135,0.15,0.119,0.141,0.15,0.117,0.133,0.127,0.168,0.172,0.143,0.137,0.134,0.124,0.147,0.127,0.129,0.122,0.173,0.188,0.146,0.13,0.129,0.141,0.129,0.123,0.131,0.132,0.137,0.172,0.125,0.15,0.142,0.137,0.139,0.144,0.129,0.124,0.149,0.154
1:59:10,0.182,0.142,0.118,0.141,0.215,0.215,0.139,0.149,0.152,0.15,0.146,0.162,0.142,0.142,0.134,0.144,0.156,0.139,0.16,0.174,0.141,0.141,0.134,0.141,0.146,0.181,0.157,0.252,0.175,0.154,0.139,0.153,0.123,0.145,0.172,0.125,0.139,0.134,0.175,0.183,0.148,0.141,0.14,0.128,0.161,0.134,0.138,0.128,0.178,0.191,0.151,0.133,0.134,0.147,0.135,0.131,0.136,0.138,0.14,0.175,0.128,0.155,0.147,0.141,0.144,0.17,0.138,0.133,0.153,0.161
2:14:10,0.198,0.152,0.122,0.146,0.233,0.237,0.144,0.161,0.155,0.15,0.153,0.17,0.147,0.147,0.147,0.153,0.162,0.151,0.165,0.19,0.147,0.16,0.139,0.147,0.158,0.187,0.167,0.146,0.175,0.159,0.145,0.16,0.128,0.151,0.197,0.141,0.147,0.142,0.174,0.191,0.154,0.146,0.145,0.133,0.181,0.146,0.153,0.135,0.184,0.2,0.156,0.139,0.14,0.153,0.147,0.142,0.145,0.147,0.143,0.189,0.134,0.161,0.154,0.145,0.16,0.172,0.148,0.139,0.156,0.166
2:29:10,0.21,0.16,0.126,0.152,0.257,0.277,0.165,0.172,0.165,0.151,0.16,0.182,0.154,0.154,0.162,0.165,0.188,0.161,0.172,0.194,0.153,0.153,0.146,0.154,0.17,0.219,0.18,0.22,0.181,0.165,0.152,0.167,0.132,0.163,0.191,0.156,0.154,0.147,0.185,0.186,0.16,0.153,0.153,0.138,0.196,0.16,0.161,0.141,0.19,0.203,0.161,0.146,0.147,0.16,0.162,0.155,0.16,0.159,0.146,0.193,0.141,0.169,0.161,0.15,0.183,0.218,0.161,0.144,0.16,0.173
2:44:10,0.221,0.172,0.129,0.158,0.281,0.294,0.187,0.179,0.19,0.163,0.189,0.192,0.161,0.162,0.177,0.178,0.2,0.178,0.178,0.198,0.162,0.165,0.153,0.16,0.186,0.249,0.194,0.249,0.198,0.171,0.163,0.178,0.138,0.164,0.245,0.172,0.196,0.185,0.188,0.191,0.168,0.159,0.161,0.143,0.254,0.176,0.206,0.158,0.194,0.217,0.169,0.151,0.155,0.168,0.184,0.172,0.184,0.18,0.151,0.196,0.147,0.178,0.169,0.156,0.215,0.246,0.174,0.171,0.166,0.181
2:59:10,0.239,0.185,0.133,0.172,0.296,0.298,0.211,0.194,0.19,0.176,0.209,0.205,0.17,0.172,0.215,0.203,0.231,0.188,0.185,0.206,0.171,0.176,0.162,0.167,0.24,0.307,0.237,0.271,0.219,0.178,0.175,0.187,0.144,0.172,0.287,0.165,0.187,0.175,0.2,0.197,0.181,0.173,0.17,0.15,0.251,0.207,0.254,0.164,0.221,0.223,0.18,0.166,0.164,0.176,0.221,0.21,0.176,0.192,0.156,0.208,0.161,0.191,0.176,0.162,0.265,0.298,0.213,0.193,0.174,0.188
3:14:10,0.277,0.211,0.14,0.188,0.299,0.288,0.222,0.222,0.21,0.181,0.207,0.239,0.18,0.183,0.244,0.238,0.27,0.273,0.193,0.203,0.184,0.19,0.172,0.176,0.297,0.313,0.265,0.304,0.211,0.185,0.19,0.206,0.15,0.18,0.298,0.263,0.264,0.24,0.21,0.203,0.199,0.191,0.179,0.157,0.27,0.258,0.275,0.171,0.21,0.231,0.2,0.185,0.173,0.184,0.29,0.266,0.185,0.254,0.161,0.22,0.175,0.212,0.186,0.169,0.261,0.296,0.265,0.22,0.183,0.196
3:29:10,0.321,0.261,0.148,0.201,0.271,0.377,0.237,0.23,0.196,0.199,0.23,0.28,0.202,0.199,0.225,0.311,0.291,0.287,0.201,0.235,0.205,0.211,0.182,0.185,0.282,0.393,0.288,0.351,0.218,0.193,0.21,0.231,0.158,0.19,0.274,0.245,0.291,0.332,0.217,0.213,0.22,0.21,0.189,0.164,0.296,0.276,0.306,0.279,0.229,0.244,0.214,0.203,0.182,0.193,0.269,0.319,0.277,0.229,0.168,0.234,0.196,0.243,0.195,0.178,0.299,0.29,0.246,0.261,0.185,0.204
3:44:10,0.272,0.276,0.16,0.214,0.335,0.339,0.221,0.269,0.21,0.197,0.254,0.279,0.211,0.219,0.234,0.335,0.29,0.324,0.209,0.232,0.234,0.27,0.194,0.196,0.288,0.423,0.329,0.393,0.216,0.201,0.207,0.266,0.165,0.204,0.322,0.311,0.35,0.358,0.216,0.236,0.252,0.215,0.2,0.173,0.372,0.282,0.264,0.305,0.254,0.248,0.224,0.204,0.193,0.203,0.316,0.296,0.29,0.277,0.175,0.235,0.208,0.281,0.206,0.188,0.407,0.391,0.336,0.236,0.195,0.211
3:59:10,0.334,0.317,0.173,0.235,0.323,0.391,0.251,0.323,0.218,0.211,0.293,0.351,0.236,0.22,0.268,0.406,0.369,0.312,0.218,0.242,0.297,0.298,0.211,0.215,0.401,0.393,0.29,0.437,0.249,0.209,0.242,0.315,0.185,0.219,0.319,0.318,0.3,0.373,0.225,0.258,0.259,0.272,0.212,0.183,0.329,0.331,0.339,0.3,0.256,0.264,0.3,0.228,0.203,0.213,0.36,0.334,0.333,0.355,0.202,0.248,0.249,0.323,0.221,0.2,0.402,0.346,0.271,0.297,0.196,0.224
4:14:10,0.393,0.376,0.193,0.259,0.399,0.387,0.276,0.349,0.224,0.243,0.305,0.381,0.259,0.238,0.288,0.339,0.339,0.278,0.225,0.249,0.311,0.337,0.237,0.216,0.393,0.444,0.39,0.455,0.255,0.217,0.29,0.357,0.193,0.241,0.345,0.329,0.361,0.38,0.239,0.292,0.321,0.249,0.23,0.195,0.399,0.397,0.303,0.308,0.272,0.272,0.28,0.281,0.222,0.231,0.393,0.342,0.277,0.281,0.212,0.269,0.317,0.317,0.241,0.221,0.43,0.442,0.34,0.29,0.203,0.23
4:29:10,0.392,0.379,0.211,0.276,0.405,0.463,0.295,0.36,0.237,0.251,0.363,0.406,0.282,0.268,0.344,0.391,0.335,0.324,0.251,0.271,0.353,0.379,0.261,0.255,0.433,0.472,0.401,0.475,0.246,0.224,0.299,0.363,0.219,0.275,0.379,0.334,0.363,0.406,0.247,0.296,0.307,0.309,0.25,0.219,0.392,0.407,0.372,0.284,0.282,0.283,0.306,0.298,0.243,0.252,0.358,0.419,0.381,0.394,0.216,0.271,0.34,0.309,0.266,0.239,0.405,0.414,0.372,0.314,0.223,0.272
4:44:10,0.403,0.39,0.24,0.253,0.401,0.472,0.344,0.371,0.262,0.275,0.348,0.413,0.259,0.288,0.377,0.45,0.366,0.32,0.269,0.276,0.349,0.416,0.296,0.276,0.396,0.52,0.421,0.498,0.272,0.246,0.332,0.358,0.245,0.296,0.416,0.372,0.376,0.362,0.251,0.291,0.354,0.355,0.273,0.241,0.414,0.453,0.468,0.31,0.294,0.297,0.287,0.33,0.268,0.276,0.419,0.373,0.347,0.406,0.255,0.271,0.37,0.319,0.274,0.234,0.449,0.493,0.384,0.378,0.239,0.28
4:59:10,0.415,0.437,0.267,0.273,0.427,0.46,0.321,0.319,0.266,0.296,0.395,0.385,0.294,0.298,0.358,0.439,0.418,0.429,0.294,0.275,0.351,0.41,0.266,0.262,0.433,0.539,0.389,0.549,0.291,0.288,0.344,0.388,0.257,0.332,0.419,0.373,0.407,0.454,0.259,0.299,0.363,0.361,0.296,0.289,0.479,0.402,0.419,0.415,0.3,0.306,0.301,0.333,0.271,0.264,0.446,0.402,0.432,0.395,0.242,0.282,0.34,0.346,0.308,0.252,0.469,0.487,0.444,0.425,0.232,0.299
5:14:10,0.391,0.411,0.214,0.269,0.433,0.42,0.338,0.41,0.29,0.298,0.347,0.417,0.322,0.292,0.419,0.467,0.399,0.396,0.283,0.287,0.406,0.413,0.294,0.297,0.461,0.456,0.426,0.512,0.292,0.307,0.308,0.353,0.267,0.349,0.452,0.391,0.434,0.394,0.27,0.318,0.402,0.306,0.297,0.331,0.422,0.382,0.435,0.407,0.314,0.307,0.343,0.339,0.259,0.276,0.46,0.409,0.426,0.347,0.256,0.29,0.336,0.327,0.299,0.301,0.468,0.453,0.412,0.447,0.247,0.322
5:29:10,0.382,0.417,0.24,0.262,0.455,0.444,0.353,0.451,0.284,0.305,0.372,0.347,0.298,0.31,0.396,0.424,0.416,0.417,0.291,0.294,0.411,0.423,0.32,0.278,0.416,0.487,0.505,0.481,0.297,0.306,0.318,0.336,0.271,0.324,0.421,0.412,0.44,0.436,0.292,0.323,0.347,0.37,0.325,0.297,0.443,0.466,0.432,0.37,0.317,0.323,0.359,0.297,0.291,0.345,0.427,0.43,0.437,0.513,0.28,0.306,0.385,0.351,0.339,0.295,0.457,0.426,0.406,0.372,0.263,0.309
5:44:10,0.394,0.378,0.263,0.275,0.472,0.444,0.38,0.371,0.295,0.324,0.362,0.398,0.294,0.356,0.391,0.517,0.411,0.44,0.299,0.3,0.423,0.374,0.317,0.308,0.404,0.539,0.452,0.491,0.297,0.309,0.332,0.352,0.269,0.311,0.457,0.397,0.462,0.451,0.301,0.328,0.363,0.387,0.31,0.292,0.463,0.426,0.423,0.367,0.326,0.327,0.376,0.324,0.283,0.314,0.455,0.406,0.413,0.411,0.278,0.317,0.341,0.36,0.307,0.314,0.47,0.528,0.413,0.429,0.271,0.315
5:59:10,0.391,0.383,0.261,0.301,0.494,0.439,0.394,0.42,0.298,0.332,0.363,0.39,0.296,0.334,0.42,0.435,0.454,0.425,0.318,0.314,0.382,0.371,0.365,0.321,0.41,0.539,0.401,0.453,0.297,0.324,0.34,0.351,0.258,0.302,0.47,0.404,0.462,0.414,0.324,0.337,0.406,0.378,0.352,0.269,0.482,0.407,0.47,0.399,0.33,0.334,0.366,0.352,0.329,0.337,0.442,0.424,0.412,0.378,0.295,0.327,0.338,0.359,0.308,0.341,0.459,0.471,0.469,0.391,0.28,0.334
6:14:10,0.389,0.412,0.298,0.314,0.487,0.463,0.373,0.405,0.305,0.349,0.386,0.41,0.345,0.346,0.413,0.471,0.43,0.428,0.327,0.321,0.368,0.391,0.365,0.304,0.452,0.54,0.462,0.499,0.309,0.337,0.387,0.352,0.297,0.333,0.462,0.382,0.45,0.407,0.325,0.344,0.363,0.35,0.345,0.331,0.464,0.449,0.431,0.395,0.34,0.336,0.4,0.38,0.289,0.326,0.427,0.475,0.392,0.454,0.302,0.335,0.343,0.359,0.345,0.348,0.483,0.492,0.428,0.42,0.292,0.334
6:29:10,0.417,0.38,0.29,0.292,0.469,0.46,0.403,0.392,0.301,0.355,0.371,0.421,0.335,0.373,0.441,0.434,0.426,0.362,0.34,0.331,0.374,0.41,0.372,0.318,0.465,0.501,0.453,0.481,0.317,0.351,0.365,0.363,0.317,0.323,0.479,0.42,0.466,0.467,0.329,0.357,0.366,0.388,0.365,0.311,0.478,0.435,0.397,0.439,0.351,0.341,0.377,0.383,0.326,0.329,0.456,0.439,0.386,0.445,0.308,0.341,0.359,0.377,0.335,0.332,0.492,0.485,0.379,0.388,0.298,0.338
6:44:10,0.418,0.38,0.297,0.313,0.461,0.498,0.437,0.388,0.305,0.357,0.386,0.418,0.323,0.359,0.448,0.489,0.418,0.39,0.343,0.336,0.374,0.409,0.361,0.339,0.467,0.509,0.429,0.473,0.323,0.362,0.374,0.357,0.297,0.319,0.494,0.444,0.429,0.385,0.337,0.367,0.384,0.391,0.334,0.317,0.471,0.458,0.445,0.359,0.357,0.348,0.366,0.37,0.326,0.32,0.459,0.43,0.458,0.426,0.312,0.346,0.347,0.366,0.34,0.322,0.478,0.497,0.46,0.442,0.305,0.343
6:59:10,0.414,0.398,0.294,0.3,0.474,0.473,0.406,0.385,0.304,0.355,0.39,0.44,0.329,0.353,0.474,0.451,0.413,0.424,0.347,0.342,0.367,0.406,0.351,0.326,0.439,0.55,0.455,0.483,0.331,0.373,0.371,0.356,0.287,0.331,0.466,0.422,0.465,0.431,0.341,0.373,0.374,0.356,0.333,0.292,0.52,0.439,0.458,0.425,0.359,0.357,0.368,0.382,0.32,0.332,0.462,0.47,0.452,0.396,0.315,0.352,0.352,0.384,0.337,0.294,0.517,0.481,0.429,0.427,0.313,0.345
7:14:10,0.422,0.387,0.289,0.297,0.493,0.463,0.399,0.452,0.309,0.359,0.401,0.404,0.331,0.349,0.476,0.481,0.467,0.464,0.352,0.351,0.384,0.389,0.35,0.322,0.466,0.47,0.452,0.483,0.336,0.383,0.357,0.378,0.296,0.311,0.456,0.376,0.444,0.424,0.347,0.382,0.381,0.354,0.336,0.317,0.462,0.463,0.417,0.394,0.363,0.361,0.378,0.361,0.323,0.326,0.455,0.48,0.452,0.409,0.32,0.357,0.336,0.374,0.341,0.299,0.5,0.495,0.441,0.448,0.318,0.35
7:29:10,0.433,0.407,0.289,0.313,0.477,0.484,0.452,0.392,0.314,0.36,0.422,0.393,0.342,0.349,0.439,0.497,0.404,0.426,0.355,0.356,0.4,0.381,0.347,0.323,0.452,0.53,0.457,0.472,0.339,0.391,0.369,0.386,0.295,0.314,0.515,0.448,0.414,0.443,0.351,0.387,0.376,0.368,0.334,0.301,0.483,0.455,0.451,0.406,0.367,0.365,0.381,0.371,0.331,0.319,0.487,0.463,0.424,0.447,0.324,0.362,0.347,0.367,0.335,0.309,0.508,0.483,0.441,0.423,0.323,0.356
7:44:10,0.406,0.405,0.294,0.308,0.471,0.485,0.429,0.399,0.323,0.361,0.411,0.431,0.343,0.354,0.442,0.481,0.407,0.453,0.361,0.362,0.393,0.399,0.345,0.325,0.48,0.535,0.435,0.469,0.342,0.399,0.379,0.374,0.291,0.331,0.482,0.448,0.404,0.464,0.356,0.394,0.386,0.357,0.336,0.312,0.47,0.453,0.41,0.41,0.372,0.37,0.382,0.343,0.327,0.322,0.483,0.446,0.417,0.449,0.329,0.366,0.354,0.376,0.348,0.295,0.468,0.537,0.427,0.398,0.328,0.36
7:59:10,0.424,0.398,0.296,0.308,0.501,0.485,0.415,0.436,0.332,0.364,0.407,0.426,0.344,0.351,0.459,0.485,0.448,0.413,0.365,0.366,0.386,0.383,0.347,0.326,0.481,0.54,0.446,0.471,0.345,0.407,0.377,0.361,0.309,0.31,0.463,0.441,0.433,0.435,0.36,0.402,0.382,0.357,0.331,0.311,0.481,0.436,0.443,0.381,0.377,0.374,0.391,0.358,0.325,0.32,0.471,0.452,0.421,0.46,0.332,0.371,0.354,0.378,0.332,0.294,0.482,0.536,0.471,0.433,0.333,0.363
8:14:10,0.471,0.403,0.294,0.306,0.497,0.52,0.404,0.419,0.353,0.362,0.395,0.433,0.351,0.355,0.454,0.486,0.429,0.424,0.369,0.372,0.394,0.383,0.349,0.323,0.472,0.49,0.472,0.471,0.351,0.409,0.381,0.4,0.303,0.326,0.506,0.461,0.397,0.435,0.365,0.409,0.374,0.363,0.337,0.324,0.485,0.435,0.463,0.43,0.381,0.381,0.374,0.366,0.324,0.322,0.475,0.46,0.431,0.415,0.334,0.375,0.353,0.387,0.332,0.302,0.499,0.474,0.439,0.403,0.337,0.367
8:29:10,0.412,0.393,0.29,0.3,0.504,0.52,0.408,0.431,0.354,0.363,0.406,0.405,0.356,0.352,0.469,0.482,0.403,0.458,0.375,0.378,0.396,0.372,0.346,0.327,0.463,0.513,0.416,0.468,0.354,0.413,0.383,0.386,0.302,0.324,0.474,0.45,0.426,0.407,0.368,0.417,0.372,0.352,0.337,0.306,0.479,0.438,0.478,0.393,0.386,0.385,0.388,0.35,0.33,0.329,0.449,0.474,0.417,0.405,0.336,0.38,0.361,0.392,0.333,0.301,0.496,0.483,0.469,0.404,0.341,0.372
8:44:10,0.422,0.401,0.293,0.315,0.488,0.508,0.427,0.422,0.357,0.364,0.392,0.422,0.356,0.354,0.444,0.467,0.41,0.437,0.379,0.381,0.381,0.385,0.347,0.326,0.461,0.549,0.405,0.479,0.359,0.417,0.378,0.402,0.306,0.33,0.519,0.449,0.426,0.452,0.373,0.423,0.377,0.358,0.332,0.312,0.481,0.472,0.425,0.433,0.39,0.389,0.397,0.367,0.332,0.332,0.471,0.464,0.44,0.413,0.339,0.384,0.344,0.385,0.33,0.309,0.496,0.512,0.442,0.405,0.346,0.375
8:59:10,0.467,0.391,0.293,0.318,0.498,0.488,0.428,0.411,0.36,0.365,0.394,0.428,0.356,0.357,0.466,0.469,0.408,0.416,0.382,0.385,0.389,0.383,0.34,0.325,0.486,0.515,0.43,0.464,0.362,0.422,0.383,0.379,0.308,0.318,0.503,0.421,0.419,0.427,0.377,0.43,0.367,0.369,0.336,0.31,0.488,0.456,0.418,0.411,0.394,0.392,0.396,0.366,0.334,0.33,0.451,0.446,0.444,0.413,0.34,0.387,0.355,0.384,0.333,0.302,0.506,0.521,0.441,0.429,0.35,0.378
9:14:10,0.439,0.402,0.293,0.318,0.495,0.515,0.434,0.43,0.361,0.367,0.386,0.441,0.353,0.358,0.463,0.466,0.42,0.407,0.387,0.387,0.374,0.389,0.342,0.322,0.468,0.522,0.427,0.468,0.366,0.423,0.388,0.389,0.309,0.319,0.502,0.457,0.42,0.433,0.38,0.435,0.364,0.354,0.335,0.305,0.492,0.45,0.44,0.407,0.398,0.396,0.375,0.365,0.333,0.328,0.489,0.449,0.425,0.414,0.342,0.39,0.344,0.381,0.338,0.303,0.484,0.514,0.454,0.395,0.354,0.395
9:29:10,0.432,0.413,0.292,0.315,0.486,0.511,0.425,0.428,0.363,0.368,0.392,0.402,0.349,0.357,0.462,0.472,0.413,0.43,0.389,0.389,0.376,0.388,0.34,0.356,0.447,0.479,0.423,0.465,0.369,0.428,0.391,0.365,0.309,0.319,0.497,0.462,0.427,0.427,0.383,0.439,0.371,0.347,0.332,0.311,0.501,0.451,0.435,0.415,0.402,0.398,0.387,0.349,0.336,0.331,0.485,0.431,0.421,0.416,0.343,0.393,0.344,0.389,0.338,0.298,0.49,0.504,0.448,0.417,0.357,0.398
9:44:10,0.445,0.402,0.29,0.317,0.506,0.519,0.424,0.424,0.364,0.37,0.395,0.427,0.348,0.356,0.454,0.488,0.412,0.433,0.39,0.392,0.378,0.382,0.337,0.358,0.47,0.514,0.418,0.462,0.372,0.436,0.382,0.379,0.308,0.313,0.521,0.446,0.426,0.427,0.386,0.442,0.361,0.35,0.332,0.31,0.503,0.467,0.431,0.401,0.405,0.4,0.398,0.356,0.336,0.329,0.482,0.458,0.425,0.419,0.344,0.396,0.363,0.395,0.334,0.296,0.505,0.505,0.444,0.411,0.36,0.4
9:59:10,0.429,0.4,0.288,0.316,0.5,0.515,0.414,0.422,0.365,0.371,0.405,0.417,0.346,0.354,0.459,0.469,0.417,0.414,0.393,0.394,0.371,0.385,0.337,0.356,0.455,0.571,0.419,0.48,0.376,0.445,0.387,0.392,0.307,0.311,0.479,0.45,0.418,0.424,0.388,0.446,0.371,0.355,0.331,0.301,0.5,0.456,0.434,0.416,0.406,0.401,0.386,0.361,0.336,0.332,0.472,0.465,0.421,0.409,0.345,0.397,0.36,0.386,0.338,0.302,0.49,0.499,0.44,0.401,0.362,0.401
10:14:10,0.442,0.382,0.285,0.315,0.482,0.524,0.412,0.412,0.365,0.372,0.391,0.399,0.343,0.356,0.458,0.46,0.41,0.402,0.398,0.396,0.378,0.379,0.335,0.356,0.461,0.567,0.411,0.477,0.379,0.452,0.39,0.385,0.304,0.31,0.487,0.442,0.415,0.416,0.389,0.447,0.362,0.351,0.33,0.295,0.489,0.453,0.424,0.395,0.407,0.401,0.386,0.366,0.334,0.33,0.492,0.455,0.415,0.409,0.346,0.399,0.36,0.39,0.329,0.297,0.489,0.516,0.428,0.395,0.365,0.403
10:29:10,0.408,0.391,0.284,0.315,0.492,0.516,0.407,0.41,0.373,0.373,0.4,0.393,0.344,0.353,0.47,0.499,0.399,0.416,0.399,0.396,0.372,0.367,0.334,0.356,0.453,0.555,0.399,0.474,0.383,0.455,0.387,0.386,0.292,0.308,0.488,0.429,0.408,0.411,0.39,0.449,0.361,0.36,0.33,0.321,0.473,0.454,0.426,0.387,0.409,0.403,0.381,0.374,0.329,0.327,0.441,0.444,0.402,0.41,0.346,0.4,0.351,0.385,0.328,0.297,0.5,0.479,0.426,0.398,0.367,0.404
10:44:10,0.461,0.38,0.282,0.316,0.503,0.515,0.412,0.41,0.378,0.373,0.404,0.392,0.343,0.353,0.454,0.464,0.392,0.407,0.401,0.397,0.368,0.36,0.334,0.357,0.469,0.537,0.406,0.468,0.387,0.456,0.384,0.367,0.291,0.309,0.509,0.428,0.402,0.407,0.391,0.45,0.36,0.352,0.33,0.318,0.497,0.447,0.418,0.387,0.411,0.404,0.373,0.362,0.326,0.326,0.452,0.44,0.4,0.408,0.347,0.401,0.339,0.375,0.327,0.295,0.497,0.553,0.426,0.389,0.368,0.405
10:59:10,0.418,0.385,0.283,0.317,0.516,0.517,0.408,0.415,0.378,0.374,0.406,0.411,0.344,0.35,0.451,0.46,0.39,0.417,0.401,0.397,0.367,0.352,0.333,0.356,0.459,0.507,0.395,0.46,0.39,0.456,0.385,0.386,0.291,0.308,0.5,0.427,0.405,0.405,0.391,0.451,0.36,0.355,0.329,0.339,0.481,0.447,0.415,0.387,0.412,0.405,0.374,0.363,0.326,0.325,0.452,0.436,0.403,0.405,0.348,0.402,0.35,0.376,0.327,0.293,0.488,0.507,0.423,0.39,0.368,0.406
11:14:10,0.392,0.372,0.281,0.318,0.5,0.515,0.407,0.413,0.379,0.374,0.403,0.394,0.343,0.35,0.446,0.484,0.428,0.398,0.404,0.398,0.365,0.345,0.331,0.356,0.467,0.541,0.394,0.461,0.395,0.456,0.377,0.363,0.291,0.307,0.481,0.435,0.411,0.405,0.391,0.452,0.356,0.352,0.329,0.315,0.481,0.439,0.419,0.39,0.414,0.405,0.378,0.356,0.324,0.325,0.48,0.439,0.398,0.403,0.347,0.402,0.337,0.378,0.329,0.293,0.45,0.534,0.422,0.391,0.368,0.406
11:29:10,0.398,0.378,0.28,0.318,0.505,0.496,0.418,0.415,0.379,0.374,0.395,0.386,0.342,0.35,0.458,0.477,0.426,0.406,0.402,0.398,0.363,0.342,0.33,0.356,0.486,0.538,0.411,0.461,0.398,0.454,0.377,0.365,0.29,0.308,0.473,0.429,0.411,0.411,0.391,0.45,0.352,0.352,0.329,0.304,0.485,0.454,0.433,0.386,0.415,0.405,0.374,0.357,0.322,0.323,0.453,0.448,0.39,0.396,0.348,0.402,0.344,0.38,0.329,0.293,0.47,0.52,0.422,0.386,0.37,0.407
11:44:10,0.397,0.376,0.279,0.317,0.5,0.48,0.413,0.418,0.38,0.375,0.377,0.377,0.341,0.35,0.46,0.507,0.404,0.401,0.403,0.398,0.362,0.342,0.329,0.355,0.531,0.493,0.378,0.453,0.401,0.453,0.374,0.373,0.29,0.308,0.476,0.423,0.413,0.379,0.39,0.45,0.349,0.353,0.329,0.3,0.483,0.462,0.426,0.386,0.416,0.406,0.381,0.36,0.322,0.322,0.463,0.465,0.396,0.399,0.347,0.403,0.349,0.376,0.329,0.293,0.52,0.476,0.417,0.385,0.37,0.408
11:59:10,0.418,0.369,0.28,0.316,0.508,0.5,0.405,0.413,0.381,0.374,0.392,0.392,0.344,0.346,0.464,0.491,0.405,0.402,0.403,0.398,0.36,0.343,0.328,0.355,0.481,0.507,0.44,0.456,0.403,0.451,0.371,0.372,0.29,0.312,0.444,0.395,0.405,0.411,0.39,0.452,0.344,0.348,0.33,0.293,0.495,0.485,0.42,0.384,0.418,0.407,0.376,0.361,0.32,0.323,0.467,0.484,0.418,0.418,0.349,0.403,0.33,0.377,0.328,0.293,0.505,0.51,0.412,0.384,0.371,0.409
12:14:10,0.431,0.372,0.28,0.314,0.504,0.514,0.408,0.414,0.384,0.374,0.391,0.373,0.345,0.346,0.444,0.477,0.435,0.396,0.405,0.397,0.357,0.343,0.328,0.355,0.479,0.482,0.394,0.45,0.403,0.45,0.373,0.356,0.289,0.31,0.483,0.423,0.393,0.421,0.386,0.453,0.342,0.345,0.33,0.305,0.449,0.513,0.431,0.408,0.419,0.406,0.377,0.355,0.32,0.322,0.461,0.487,0.398,0.414,0.349,0.403,0.338,0.375,0.328,0.297,0.484,0.538,0.419,0.382,0.372,0.409
12:29:10,0.426,0.368,0.277,0.312,0.5,0.507,0.409,0.416,0.385,0.373,0.378,0.414,0.347,0.345,0.448,0.517,0.446,0.404,0.406,0.397,0.356,0.338,0.328,0.354,0.479,0.464,0.458,0.469,0.405,0.45,0.367,0.406,0.289,0.32,0.501,0.385,0.418,0.4,0.385,0.453,0.346,0.346,0.329,0.319,0.458,0.497,0.446,0.425,0.42,0.406,0.373,0.355,0.32,0.32,0.427,0.512,0.448,0.489,0.35,0.403,0.343,0.383,0.327,0.302,0.497,0.521,0.423,0.379,0.373,0.409
12:44:10,0.391,0.368,0.274,0.322,0.501,0.485,0.393,0.414,0.389,0.373,0.379,0.413,0.346,0.343,0.457,0.465,0.474,0.416,0.407,0.398,0.355,0.336,0.327,0.352,0.526,0.497,0.442,0.438,0.407,0.448,0.368,0.362,0.289,0.324,0.519,0.405,0.431,0.419,0.385,0.453,0.339,0.346,0.329,0.319,0.457,0.419,0.47,0.422,0.42,0.407,0.368,0.368,0.32,0.319,0.445,0.509,0.495,0.468,0.351,0.403,0.341,0.382,0.323,0.312,0.501,0.496,0.433,0.382,0.373,0.409
12:59:10,0.426,0.359,0.273,0.328,0.492,0.506,0.401,0.413,0.392,0.373,0.376,0.378,0.347,0.342,0.43,0.467,0.475,0.413,0.408,0.398,0.354,0.334,0.326,0.356,0.51,0.534,0.464,0.466,0.407,0.446,0.358,0.354,0.287,0.321,0.513,0.422,0.409,0.442,0.384,0.453,0.344,0.343,0.327,0.347,0.459,0.475,0.462,0.44,0.42,0.406,0.382,0.357,0.318,0.316,0.424,0.447,0.394,0.396,0.352,0.403,0.322,0.38,0.332,0.315,0.494,0.494,0.43,0.387,0.375,0.41
13:14:10,0.461,0.368,0.276,0.331,0.491,0.55,0.407,0.41,0.394,0.373,0.364,0.371,0.362,0.34,0.47,0.463,0.479,0.466,0.41,0.399,0.352,0.338,0.329,0.364,0.512,0.535,0.49,0.436,0.407,0.445,0.363,0.363,0.283,0.339,0.502,0.422,0.423,0.432,0.385,0.454,0.339,0.348,0.321,0.319,0.45,0.477,0.465,0.452,0.422,0.407,0.356,0.35,0.318,0.312,0.442,0.497,0.464,0.415,0.354,0.404,0.328,0.361,0.334,0.32,0.53,0.517,0.463,0.369,0.377,0.41
13:29:10,0.444,0.37,0.289,0.332,0.489,0.53,0.356,0.411,0.397,0.373,0.354,0.396,0.366,0.335,0.453,0.449,0.476,0.406,0.411,0.399,0.344,0.344,0.334,0.37,0.534,0.524,0.485,0.47,0.407,0.445,0.362,0.352,0.279,0.329,0.455,0.37,0.454,0.415,0.386,0.455,0.343,0.332,0.318,0.321,0.454,0.494,0.479,0.451,0.423,0.407,0.363,0.348,0.317,0.313,0.41,0.506,0.417,0.443,0.356,0.404,0.328,0.367,0.336,0.325,0.455,0.433,0.478,0.414,0.378,0.41
13:44:10,0.404,0.376,0.296,0.329,0.49,0.505,0.429,0.411,0.4,0.373,0.352,0.414,0.35,0.335,0.42,0.467,0.472,0.463,0.412,0.4,0.336,0.343,0.34,0.357,0.462,0.495,0.509,0.496,0.408,0.444,0.353,0.343,0.281,0.328,0.515,0.378,0.486,0.486,0.385,0.455,0.331,0.331,0.323,0.322,0.441,0.502,0.496,0.435,0.424,0.408,0.373,0.345,0.323,0.319,0.401,0.526,0.412,0.451,0.357,0.405,0.318,0.379,0.34,0.311,0.472,0.442,0.433,0.441,0.38,0.412
13:59:10,0.417,0.381,0.301,0.342,0.463,0.517,0.414,0.403,0.402,0.373,0.368,0.432,0.367,0.334,0.412,0.44,0.511,0.484,0.413,0.401,0.351,0.35,0.345,0.359,0.468,0.474,0.473,0.443,0.409,0.444,0.351,0.351,0.288,0.337,0.452,0.408,0.431,0.433,0.387,0.453,0.332,0.33,0.333,0.304,0.45,0.443,0.445,0.453,0.425,0.409,0.37,0.337,0.326,0.332,0.423,0.439,0.429,0.449,0.359,0.405,0.342,0.364,0.354,0.313,0.496,0.477,0.408,0.391,0.381,0.412
14:14:10,0.441,0.378,0.294,0.34,0.497,0.537,0.397,0.403,0.404,0.372,0.347,0.395,0.37,0.329,0.402,0.437,0.449,0.435,0.412,0.402,0.348,0.352,0.345,0.358,0.499,0.458,0.489,0.482,0.411,0.445,0.36,0.394,0.301,0.328,0.476,0.421,0.411,0.504,0.388,0.446,0.353,0.345,0.34,0.329,0.474,0.529,0.455,0.426,0.427,0.41,0.376,0.349,0.325,0.332,0.455,0.495,0.45,0.46,0.359,0.406,0.332,0.384,0.356,0.317,0.504,0.431,0.486,0.432,0.383,0.413
14:29:10,0.462,0.388,0.287,0.339,0.519,0.55,0.429,0.403,0.406,0.372,0.355,0.393,0.373,0.331,0.405,0.45,0.489,0.43,0.413,0.403,0.365,0.369,0.358,0.359,0.504,0.475,0.413,0.515,0.411,0.445,0.358,0.381,0.31,0.331,0.502,0.466,0.467,0.448,0.389,0.457,0.35,0.356,0.331,0.366,0.465,0.435,0.437,0.448,0.428,0.411,0.39,0.365,0.329,0.335,0.454,0.491,0.415,0.419,0.361,0.407,0.357,0.347,0.357,0.328,0.501,0.464,0.409,0.385,0.384,0.414
14:44:10,0.432,0.396,0.293,0.344,0.533,0.544,0.421,0.444,0.409,0.371,0.35,0.397,0.362,0.338,0.415,0.444,0.441,0.484,0.414,0.404,0.385,0.364,0.357,0.345,0.455,0.482,0.471,0.496,0.414,0.447,0.357,0.354,0.308,0.328,0.448,0.372,0.407,0.468,0.39,0.456,0.345,0.325,0.338,0.345,0.448,0.457,0.428,0.479,0.429,0.411,0.406,0.351,0.331,0.334,0.421,0.475,0.436,0.415,0.362,0.407,0.348,0.382,0.358,0.335,0.468,0.445,0.436,0.462,0.386,0.415
14:59:10,0.431,0.405,0.302,0.339,0.496,0.579,0.395,0.405,0.411,0.371,0.354,0.39,0.357,0.338,0.408,0.456,0.495,0.439,0.415,0.406,0.368,0.375,0.349,0.363,0.495,0.486,0.452,0.469,0.413,0.447,0.357,0.379,0.297,0.332,0.467,0.386,0.454,0.487,0.391,0.449,0.35,0.333,0.338,0.325,0.475,0.412,0.435,0.447,0.43,0.412,0.417,0.356,0.338,0.319,0.461,0.466,0.412,0.493,0.364,0.408,0.358,0.367,0.356,0.331,0.527,0.517,0.447,0.396,0.388,0.416
15:14:10,0.418,0.385,0.299,0.345,0.546,0.549,0.433,0.41,0.413,0.372,0.354,0.408,0.347,0.342,0.434,0.51,0.423,0.487,0.418,0.406,0.374,0.365,0.354,0.358,0.431,0.501,0.418,0.417,0.415,0.448,0.352,0.376,0.303,0.331,0.487,0.385,0.432,0.488,0.391,0.457,0.354,0.334,0.325,0.334,0.468,0.442,0.454,0.403,0.432,0.413,0.406,0.368,0.333,0.336,0.445,0.481,0.412,0.41,0.365,0.409,0.354,0.395,0.353,0.334,0.484,0.501,0.486,0.424,0.389,0.418
15:29:10,0.421,0.392,0.299,0.345,0.571,0.559,0.418,0.383,0.415,0.372,0.364,0.388,0.346,0.34,0.443,0.461,0.493,0.492,0.419,0.407,0.371,0.361,0.358,0.364,0.532,0.475,0.424,0.485,0.416,0.449,0.37,0.404,0.309,0.348,0.449,0.42,0.448,0.468,0.392,0.459,0.354,0.344,0.323,0.354,0.452,0.499,0.441,0.448,0.433,0.414,0.412,0.362,0.335,0.342,0.463,0.526,0.468,0.428,0.366,0.41,0.346,0.367,0.357,0.324,0.498,0.504,0.475,0.39,0.39,0.418
15:44:10,0.45,0.396,0.294,0.347,0.554,0.523,0.448,0.405,0.417,0.372,0.363,0.398,0.351,0.336,0.457,0.544,0.409,0.523,0.421,0.409,0.386,0.354,0.349,0.359,0.44,0.49,0.442,0.451,0.416,0.45,0.36,0.39,0.307,0.339,0.449,0.41,0.477,0.47,0.393,0.46,0.343,0.349,0.331,0.367,0.499,0.501,0.455,0.426,0.435,0.414,0.362,0.343,0.336,0.316,0.51,0.509,0.469,0.419,0.367,0.41,0.391,0.379,0.359,0.325,0.508,0.491,0.478,0.376,0.391,0.419
15:59:10,0.436,0.404,0.308,0.343,0.548,0.522,0.435,0.483,0.417,0.373,0.371,0.409,0.349,0.338,0.443,0.452,0.467,0.431,0.422,0.409,0.373,0.35,0.346,0.359,0.451,0.454,0.429,0.458,0.417,0.452,0.358,0.375,0.311,0.343,0.477,0.399,0.458,0.505,0.393,0.461,0.344,0.348,0.327,0.343,0.472,0.532,0.451,0.439,0.435,0.415,0.428,0.349,0.344,0.333,0.46,0.464,0.427,0.419,0.367,0.411,0.37,0.38,0.347,0.323,0.488,0.467,0.457,0.425,0.393,0.42
16:14:10,0.43,0.405,0.316,0.344,0.528,0.539,0.423,0.415,0.423,0.375,0.369,0.394,0.358,0.333,0.414,0.491,0.464,0.49,0.423,0.409,0.392,0.366,0.337,0.362,0.492,0.469,0.46,0.521,0.417,0.452,0.363,0.377,0.311,0.334,0.495,0.449,0.409,0.491,0.394,0.462,0.377,0.352,0.341,0.337,0.52,0.486,0.471,0.506,0.436,0.415,0.388,0.34,0.342,0.328,0.511,0.453,0.451,0.443,0.369,0.411,0.351,0.381,0.344,0.326,0.481,0.443,0.471,0.43,0.393,0.422
16:29:10,0.409,0.401,0.314,0.339,0.567,0.547,0.481,0.424,0.426,0.376,0.367,0.405,0.358,0.332,0.449,0.503,0.487,0.477,0.425,0.409,0.4,0.355,0.349,0.354,0.501,0.47,0.396,0.51,0.419,0.454,0.36,0.376,0.314,0.341,0.463,0.454,0.495,0.487,0.394,0.463,0.377,0.354,0.338,0.385,0.499,0.496,0.467,0.494,0.436,0.416,0.371,0.346,0.32,0.341,0.443,0.432,0.44,0.428,0.37,0.412,0.349,0.363,0.347,0.325,0.497,0.444,0.435,0.403,0.394,0.422
16:44:10,0.417,0.393,0.312,0.343,0.529,0.578,0.44,0.408,0.427,0.376,0.364,0.397,0.361,0.338,0.483,0.45,0.426,0.478,0.426,0.41,0.411,0.354,0.338,0.356,0.422,0.485,0.423,0.423,0.42,0.456,0.368,0.405,0.305,0.328,0.471,0.449,0.434,0.409,0.394,0.463,0.354,0.346,0.33,0.344,0.466,0.487,0.446,0.424,0.437,0.416,0.388,0.362,0.338,0.335,0.539,0.411,0.43,0.417,0.37,0.412,0.357,0.374,0.357,0.333,0.468,0.463,0.466,0.409,0.395,0.423
16:59:10,0.41,0.402,0.311,0.34,0.534,0.551,0.422,0.437,0.43,0.377,0.381,0.403,0.356,0.334,0.504,0.491,0.473,0.475,0.428,0.411,0.399,0.357,0.349,0.36,0.444,0.498,0.411,0.526,0.42,0.456,0.368,0.368,0.311,0.34,0.471,0.415,0.462,0.46,0.394,0.464,0.364,0.348,0.335,0.339,0.505,0.496,0.469,0.41,0.437,0.416,0.363,0.366,0.332,0.329,0.448,0.462,0.455,0.463,0.372,0.412,0.357,0.36,0.355,0.338,0.482,0.52,0.44,0.388,0.396,0.424
17:14:10,0.466,0.411,0.307,0.341,0.492,0.525,0.46,0.41,0.432,0.378,0.374,0.399,0.348,0.334,0.491,0.497,0.481,0.462,0.429,0.411,0.403,0.386,0.347,0.363,0.495,0.501,0.425,0.447,0.42,0.457,0.368,0.417,0.308,0.338,0.5,0.405,0.428,0.494,0.394,0.465,0.365,0.357,0.348,0.351,0.452,0.483,0.493,0.406,0.438,0.416,0.396,0.355,0.326,0.324,0.435,0.475,0.436,0.465,0.372,0.412,0.351,0.342,0.334,0.342,0.456,0.481,0.495,0.424,0.396,0.424
17:29:10,0.419,0.377,0.292,0.338,0.555,0.561,0.491,0.412,0.433,0.378,0.382,0.399,0.349,0.334,0.488,0.452,0.489,0.503,0.431,0.41,0.396,0.378,0.35,0.363,0.521,0.461,0.43,0.433,0.419,0.458,0.367,0.374,0.3,0.333,0.473,0.421,0.438,0.435,0.394,0.466,0.359,0.342,0.341,0.324,0.45,0.429,0.465,0.437,0.438,0.416,0.374,0.36,0.326,0.326,0.435,0.496,0.46,0.457,0.373,0.412,0.353,0.373,0.335,0.34,0.444,0.488,0.483,0.378,0.397,0.425
17:44:10,0.45,0.384,0.289,0.334,0.544,0.526,0.488,0.427,0.434,0.379,0.383,0.386,0.351,0.332,0.462,0.453,0.433,0.486,0.432,0.411,0.384,0.377,0.349,0.363,0.51,0.471,0.44,0.419,0.419,0.459,0.373,0.387,0.311,0.329,0.441,0.426,0.433,0.477,0.395,0.466,0.363,0.352,0.341,0.349,0.466,0.396,0.478,0.462,0.438,0.416,0.385,0.367,0.322,0.322,0.437,0.459,0.469,0.454,0.373,0.412,0.327,0.35,0.335,0.333,0.439,0.485,0.497,0.443,0.397,0.426
17:59:10,0.421,0.384,0.287,0.336,0.544,0.572,0.476,0.41,0.435,0.379,0.402,0.411,0.35,0.332,0.454,0.483,0.437,0.428,0.432,0.411,0.382,0.365,0.347,0.36,0.449,0.461,0.478,0.449,0.421,0.458,0.365,0.359,0.31,0.329,0.508,0.425,0.404,0.432,0.394,0.467,0.352,0.343,0.332,0.356,0.444,0.416,0.464,0.424,0.438,0.415,0.37,0.365,0.323,0.322,0.469,0.462,0.448,0.479,0.375,0.412,0.354,0.345,0.335,0.325,0.45,0.447,0.515,0.406,0.397,0.426
18:14:10,0.416,0.375,0.29,0.336,0.502,0.533,0.457,0.431,0.436,0.38,0.388,0.391,0.349,0.336,0.471,0.494,0.487,0.439,0.434,0.412,0.385,0.355,0.347,0.361,0.522,0.471,0.449,0.448,0.406,0.46,0.365,0.356,0.313,0.329,0.479,0.428,0.48,0.458,0.394,0.468,0.361,0.35,0.342,0.315,0.485,0.408,0.475,0.4,0.437,0.415,0.377,0.346,0.32,0.32,0.484,0.498,0.466,0.451,0.376,0.412,0.373,0.339,0.332,0.32,0.469,0.417,0.512,0.429,0.397,0.428
18:29:10,0.447,0.378,0.287,0.337,0.512,0.529,0.481,0.469,0.436,0.38,0.4,0.382,0.349,0.332,0.533,0.467,0.452,0.487,0.435,0.411,0.368,0.37,0.348,0.361,0.456,0.454,0.426,0.435,0.406,0.462,0.375,0.35,0.31,0.326,0.498,0.44,0.4,0.435,0.395,0.468,0.365,0.354,0.324,0.317,0.443,0.434,0.455,0.425,0.437,0.415,0.376,0.362,0.321,0.32,0.468,0.448,0.468,0.443,0.376,0.412,0.329,0.341,0.333,0.314,0.477,0.467,0.489,0.436,0.397,0.427
18:44:10,0.419,0.372,0.289,0.338,0.523,0.528,0.458,0.447,0.437,0.38,0.396,0.393,0.349,0.336,0.511,0.475,0.443,0.454,0.436,0.411,0.365,0.363,0.347,0.361,0.482,0.457,0.452,0.444,0.418,0.461,0.378,0.354,0.302,0.327,0.46,0.437,0.418,0.443,0.394,0.469,0.353,0.35,0.323,0.345,0.461,0.39,0.488,0.46,0.438,0.415,0.374,0.349,0.319,0.321,0.491,0.453,0.476,0.486,0.377,0.412,0.334,0.34,0.333,0.317,0.467,0.475,0.454,0.4,0.398,0.429
18:59:10,0.435,0.374,0.29,0.338,0.557,0.542,0.439,0.483,0.436,0.381,0.392,0.377,0.348,0.333,0.474,0.47,0.451,0.452,0.436,0.412,0.367,0.361,0.346,0.363,0.429,0.482,0.442,0.455,0.411,0.462,0.376,0.367,0.296,0.326,0.451,0.435,0.458,0.443,0.394,0.469,0.353,0.345,0.325,0.371,0.462,0.393,0.492,0.408,0.437,0.414,0.368,0.362,0.319,0.32,0.461,0.459,0.472,0.478,0.378,0.412,0.33,0.351,0.333,0.314,0.456,0.468,0.496,0.418,0.397,0.428
19:14:10,0.448,0.374,0.29,0.338,0.556,0.53,0.457,0.381,0.442,0.381,0.384,0.4,0.348,0.334,0.488,0.475,0.435,0.465,0.439,0.412,0.366,0.357,0.347,0.36,0.457,0.45,0.443,0.466,0.406,0.462,0.368,0.357,0.298,0.325,0.462,0.422,0.441,0.429,0.394,0.47,0.368,0.361,0.323,0.367,0.465,0.438,0.475,0.418,0.437,0.414,0.371,0.378,0.319,0.32,0.442,0.409,0.459,0.481,0.378,0.412,0.331,0.339,0.333,0.318,0.475,0.472,0.484,0.439,0.397,0.427
19:29:10,0.442,0.373,0.289,0.338,0.536,0.522,0.443,0.403,0.44,0.381,0.353,0.384,0.349,0.335,0.441,0.486,0.427,0.433,0.439,0.413,0.364,0.361,0.347,0.36,0.458,0.469,0.424,0.452,0.409,0.462,0.365,0.392,0.296,0.324,0.454,0.41,0.448,0.452,0.393,0.47,0.351,0.351,0.324,0.328,0.464,0.43,0.473,0.39,0.437,0.413,0.366,0.363,0.32,0.321,0.51,0.447,0.452,0.467,0.38,0.412,0.329,0.338,0.332,0.318,0.466,0.446,0.48,0.416,0.398,0.428
19:44:10,0.463,0.372,0.29,0.339,0.521,0.519,0.456,0.469,0.44,0.381,0.383,0.38,0.349,0.333,0.483,0.462,0.428,0.465,0.439,0.412,0.363,0.36,0.347,0.359,0.438,0.456,0.44,0.468,0.404,0.462,0.366,0.368,0.294,0.324,0.45,0.41,0.455,0.426,0.394,0.47,0.359,0.353,0.324,0.324,0.459,0.418,0.47,0.448,0.437,0.413,0.405,0.353,0.319,0.32,0.491,0.46,0.454,0.472,0.38,0.413,0.329,0.338,0.332,0.318,0.457,0.457,0.49,0.43,0.398,0.426
19:59:10,0.459,0.371,0.288,0.34,0.523,0.524,0.457,0.447,0.441,0.381,0.358,0.375,0.349,0.33,0.492,0.466,0.433,0.431,0.439,0.412,0.365,0.364,0.347,0.359,0.451,0.458,0.435,0.457,0.404,0.462,0.362,0.365,0.293,0.323,0.453,0.432,0.42,0.43,0.394,0.471,0.357,0.352,0.324,0.326,0.436,0.414,0.47,0.424,0.437,0.413,0.408,0.363,0.318,0.321,0.49,0.465,0.449,0.467,0.382,0.413,0.328,0.338,0.332,0.317,0.458,0.442,0.479,0.414,0.398,0.423
20:14:10,0.423,0.373,0.289,0.342,0.53,0.512,0.458,0.42,0.439,0.381,0.359,0.369,0.349,0.332,0.482,0.462,0.43,0.435,0.438,0.413,0.369,0.367,0.347,0.359,0.451,0.459,0.426,0.46,0.406,0.461,0.364,0.353,0.292,0.322,0.448,0.421,0.435,0.424,0.393,0.47,0.349,0.35,0.324,0.318,0.454,0.407,0.475,0.419,0.437,0.412,0.407,0.348,0.319,0.322,0.448,0.422,0.438,0.472,0.383,0.413,0.327,0.338,0.332,0.318,0.441,0.451,0.485,0.421,0.398,0.426
20:29:10,0.439,0.373,0.29,0.344,0.508,0.519,0.46,0.399,0.441,0.382,0.363,0.374,0.35,0.335,0.465,0.455,0.424,0.444,0.441,0.413,0.364,0.364,0.346,0.359,0.425,0.459,0.432,0.464,0.404,0.463,0.362,0.362,0.291,0.323,0.446,0.411,0.427,0.428,0.394,0.471,0.354,0.348,0.324,0.314,0.446,0.414,0.476,0.421,0.437,0.412,0.371,0.348,0.318,0.322,0.451,0.418,0.439,0.466,0.383,0.414,0.327,0.339,0.332,0.319,0.447,0.445,0.475,0.406,0.398,0.426
20:44:10,0.428,0.375,0.29,0.341,0.494,0.515,0.463,0.413,0.439,0.382,0.385,0.371,0.349,0.337,0.471,0.459,0.427,0.43,0.442,0.414,0.363,0.361,0.347,0.36,0.44,0.452,0.432,0.465,0.401,0.461,0.362,0.356,0.292,0.323,0.428,0.418,0.425,0.426,0.393,0.471,0.348,0.345,0.326,0.337,0.45,0.434,0.477,0.425,0.437,0.412,0.365,0.343,0.318,0.322,0.449,0.451,0.438,0.465,0.384,0.414,0.324,0.339,0.331,0.319,0.443,0.43,0.483,0.407,0.399,0.425
20:59:10,0.456,0.37,0.29,0.34,0.495,0.522,0.466,0.415,0.44,0.382,0.376,0.364,0.35,0.337,0.466,0.464,0.429,0.432,0.44,0.414,0.361,0.366,0.347,0.359,0.44,0.454,0.455,0.463,0.409,0.461,0.365,0.389,0.292,0.323,0.432,0.411,0.427,0.427,0.393,0.471,0.35,0.344,0.326,0.339,0.449,0.432,0.478,0.419,0.437,0.412,0.404,0.344,0.318,0.323,0.433,0.414,0.438,0.465,0.385,0.415,0.325,0.339,0.332,0.32,0.44,0.443,0.48,0.407,0.399,0.425
21:14:10,0.441,0.376,0.292,0.342,0.504,0.523,0.464,0.414,0.443,0.381,0.366,0.37,0.349,0.336,0.482,0.439,0.429,0.435,0.441,0.414,0.357,0.365,0.346,0.359,0.433,0.452,0.465,0.461,0.402,0.46,0.363,0.361,0.292,0.323,0.449,0.411,0.442,0.428,0.394,0.471,0.347,0.344,0.327,0.334,0.453,0.416,0.48,0.411,0.437,0.411,0.369,0.343,0.318,0.322,0.428,0.427,0.443,0.464,0.386,0.415,0.325,0.34,0.335,0.32,0.438,0.433,0.476,0.406,0.399,0.424
21:29:10,0.431,0.371,0.291,0.341,0.501,0.521,0.478,0.418,0.446,0.382,0.365,0.368,0.347,0.335,0.454,0.459,0.43,0.436,0.442,0.416,0.355,0.37,0.347,0.358,0.436,0.456,0.47,0.464,0.402,0.459,0.365,0.353,0.292,0.323,0.448,0.414,0.434,0.428,0.394,0.472,0.35,0.34,0.326,0.315,0.445,0.419,0.482,0.419,0.436,0.411,0.367,0.348,0.318,0.323,0.441,0.44,0.442,0.466,0.387,0.415,0.325,0.341,0.336,0.32,0.434,0.424,0.478,0.407,0.4,0.423
21:44:10,0.424,0.371,0.291,0.343,0.498,0.528,0.464,0.424,0.439,0.383,0.353,0.37,0.345,0.337,0.457,0.439,0.431,0.433,0.441,0.415,0.353,0.362,0.347,0.359,0.432,0.452,0.47,0.464,0.402,0.459,0.367,0.358,0.293,0.323,0.452,0.413,0.431,0.428,0.394,0.472,0.346,0.346,0.327,0.345,0.446,0.411,0.483,0.411,0.437,0.411,0.402,0.346,0.319,0.323,0.465,0.428,0.442,0.468,0.388,0.417,0.324,0.34,0.336,0.321,0.43,0.432,0.486,0.408,0.4,0.423
21:59:10,0.462,0.371,0.292,0.344,0.503,0.526,0.469,0.427,0.441,0.384,0.381,0.367,0.346,0.337,0.468,0.44,0.433,0.442,0.442,0.415,0.358,0.364,0.348,0.359,0.429,0.443,0.473,0.466,0.402,0.459,0.362,0.388,0.293,0.322,0.452,0.41,0.433,0.43,0.395,0.472,0.351,0.354,0.328,0.35,0.445,0.447,0.485,0.418,0.437,0.411,0.368,0.339,0.319,0.324,0.438,0.427,0.444,0.469,0.389,0.417,0.323,0.341,0.337,0.321,0.43,0.428,0.487,0.407,0.401,0.422
22:14:10,0.427,0.369,0.291,0.344,0.508,0.512,0.471,0.43,0.436,0.384,0.356,0.369,0.346,0.334,0.462,0.441,0.434,0.435,0.439,0.416,0.362,0.362,0.348,0.358,0.425,0.446,0.476,0.467,0.423,0.459,0.366,0.389,0.294,0.321,0.451,0.407,0.435,0.429,0.395,0.473,0.345,0.345,0.328,0.377,0.444,0.408,0.486,0.414,0.438,0.411,0.366,0.344,0.32,0.325,0.433,0.411,0.444,0.472,0.39,0.418,0.323,0.341,0.337,0.322,0.427,0.429,0.489,0.414,0.401,0.422
22:29:10,0.409,0.37,0.292,0.345,0.506,0.528,0.478,0.431,0.443,0.399,0.36,0.366,0.347,0.336,0.454,0.447,0.435,0.436,0.439,0.416,0.353,0.367,0.348,0.357,0.427,0.445,0.471,0.469,0.403,0.454,0.361,0.353,0.294,0.323,0.443,0.413,0.441,0.43,0.396,0.473,0.346,0.342,0.328,0.368,0.441,0.403,0.487,0.415,0.437,0.411,0.367,0.341,0.32,0.326,0.456,0.409,0.444,0.462,0.391,0.419,0.324,0.342,0.336,0.322,0.416,0.429,0.481,0.406,0.402,0.422
22:44:10,0.448,0.369,0.292,0.345,0.495,0.537,0.476,0.432,0.446,0.399,0.365,0.365,0.348,0.338,0.45,0.459,0.435,0.437,0.442,0.417,0.353,0.363,0.349,0.358,0.426,0.441,0.458,0.471,0.403,0.452,0.364,0.355,0.295,0.326,0.448,0.43,0.452,0.432,0.396,0.474,0.347,0.34,0.329,0.39,0.444,0.402,0.492,0.421,0.437,0.411,0.368,0.347,0.32,0.326,0.434,0.427,0.447,0.476,0.392,0.419,0.325,0.343,0.335,0.322,0.416,0.424,0.481,0.406,0.402,0.422
22:59:10,0.446,0.375,0.292,0.346,0.498,0.521,0.48,0.432,0.443,0.401,0.389,0.366,0.348,0.337,0.447,0.448,0.437,0.438,0.44,0.418,0.353,0.357,0.349,0.357,0.423,0.443,0.457,0.47,0.423,0.453,0.364,0.353,0.295,0.326,0.452,0.403,0.441,0.431,0.397,0.474,0.345,0.342,0.33,0.391,0.439,0.398,0.493,0.416,0.437,0.411,0.367,0.359,0.324,0.327,0.46,0.422,0.444,0.476,0.394,0.42,0.325,0.345,0.336,0.322,0.419,0.427,0.484,0.406,0.403,0.422
23:14:10,0.42,0.376,0.292,0.346,0.504,0.522,0.481,0.437,0.443,0.401,0.389,0.368,0.349,0.34,0.446,0.455,0.436,0.437,0.439,0.418,0.355,0.357,0.349,0.358,0.43,0.436,0.448,0.472,0.404,0.453,0.363,0.369,0.296,0.325,0.452,0.407,0.438,0.433,0.397,0.475,0.348,0.343,0.33,0.385,0.448,0.396,0.491,0.421,0.438,0.412,0.369,0.361,0.325,0.327,0.458,0.416,0.445,0.465,0.394,0.421,0.325,0.346,0.337,0.323,0.414,0.428,0.483,0.406,0.404,0.422
23:29:10,0.435,0.374,0.292,0.346,0.51,0.525,0.492,0.438,0.462,0.392,0.353,0.408,0.349,0.339,0.435,0.462,0.437,0.44,0.441,0.419,0.351,0.365,0.35,0.358,0.433,0.436,0.441,0.474,0.405,0.452,0.362,0.353,0.296,0.327,0.44,0.395,0.452,0.432,0.398,0.469,0.352,0.342,0.331,0.321,0.44,0.393,0.499,0.424,0.439,0.412,0.367,0.344,0.327,0.328,0.449,0.422,0.447,0.48,0.395,0.422,0.325,0.348,0.338,0.324,0.419,0.424,0.485,0.404,0.404,0.42
23:44:10,0.457,0.371,0.292,0.347,0.494,0.515,0.482,0.44,0.46,0.4,0.355,0.37,0.349,0.342,0.447,0.455,0.438,0.447,0.44,0.421,0.359,0.361,0.35,0.358,0.436,0.436,0.438,0.472,0.42,0.454,0.366,0.388,0.297,0.326,0.439,0.397,0.438,0.434,0.399,0.469,0.35,0.344,0.331,0.335,0.45,0.401,0.492,0.416,0.44,0.412,0.371,0.344,0.327,0.329,0.467,0.43,0.448,0.474,0.396,0.423,0.325,0.347,0.339,0.324,0.425,0.421,0.484,0.408,0.405,0.419
23:59:10,0.413,0.377,0.291,0.348,0.499,0.521,0.48,0.438,0.411,0.407,0.385,0.364,0.35,0.34,0.436,0.467,0.439,0.445,0.445,0.426,0.35,0.369,0.35,0.358,0.445,0.437,0.439,0.476,0.411,0.465,0.366,0.355,0.297,0.329,0.439,0.391,0.445,0.433,0.402,0.483,0.352,0.344,0.332,0.339,0.46,0.393,0.499,0.417,0.442,0.415,0.368,0.344,0.328,0.329,0.446,0.429,0.448,0.482,0.402,0.427,0.322,0.349,0.339,0.324,0.428,0.425,0.489,0.405,0.407,0.425
24:14:10,0.431,0.369,0.292,0.348,0.498,0.526,0.485,0.446,0.409,0.401,0.391,0.368,0.349,0.341,0.452,0.459,0.438,0.452,0.444,0.425,0.357,0.362,0.35,0.359,0.449,0.432,0.44,0.477,0.41,0.463,0.363,0.359,0.298,0.327,0.436,0.397,0.439,0.435,0.403,0.481,0.351,0.345,0.333,0.35,0.468,0.404,0.495,0.424,0.443,0.415,0.372,0.342,0.329,0.33,0.445,0.432,0.448,0.47,0.402,0.428,0.343,0.35,0.34,0.325,0.432,0.428,0.495,0.407,0.408,0.425