Time,A_1,A_2,A_3,A_4,A_5,A_6,A_7,A_8,A_9,A_10,A_11,A_12,S1_1,S1_2,S1_3,S1_4,S1_5,S1_6,S6_1,S6_2,S6_3,S6_4,S6_5,S6_6,S11_1,S11_2,S11_3,S11_4,S11_5,S11_6,S22_1,S22_2,S22_3,S22_4,S22_5,S22_6,S51_1,S51_2,S51_3,S51_4,S51_5,S51_6,S95_1,S95_2,S95_3,S95_4,S95_5,S95_6,M4_1,M4_2,M4_3,M4_4,M4_5,M4_6,M13_1,M13_2,M13_3,M13_4,M13_5,M13_6,M17_1,M17_2,M17_3,M17_4,M17_5,M17_6,M19_1,M19_2,M19_3,M19_4,M19_5,M19_6,M21_1,M21_2,M21_3,M21_4,M21_5,M21_6,M23_1,M23_2,M23_3,M23_4,M23_5,M23_6,M26_1,M26_2,M26_3,M26_4,M26_5,M26_6,M41_1,M41_2,M41_3,M41_4,M41_5,M41_6,M54_1,M54_2,M54_3,M54_4,M54_5,M54_6,M79_1,M79_2,M79_3,M79_4,M79_5,M79_6
0:14:10,0.126,0.129,0.123,0.128,0.13,0.127,0.13,0.125,0.127,0.127,0.126,0.127,0.153,0.157,0.152,0.152,0.142,0.151,0.155,0.148,0.159,0.156,0.154,0.159,0.153,0.163,0.161,0.155,0.154,0.155,0.155,0.159,0.154,0.157,0.162,0.162,0.157,0.156,0.169,0.153,0.157,0.16,0.163,0.16,0.153,0.16,0.152,0.159,0.158,0.158,0.166,0.16,0.16,0.166,0.156,0.168,0.155,0.155,0.154,0.155,0.153,0.16,0.17,0.19,0.17,0.17,0.157,0.168,0.166,0.157,0.162,0.154,0.16,0.154,0.163,0.158,0.162,0.181,0.152,0.159,0.156,0.156,0.162,0.153,0.149,0.155,0.161,0.16,0.145,0.162,0.148,0.16,0.157,0.161,0.169,0.156,0.153,0.158,0.152,0.149,0.152,0.161,0.147,0.143,0.146,0.138,0.162,0.156
0:29:10,0.129,0.127,0.125,0.126,0.129,0.14,0.134,0.127,0.13,0.131,0.132,0.128,0.155,0.158,0.153,0.153,0.142,0.152,0.155,0.15,0.16,0.157,0.155,0.159,0.154,0.163,0.162,0.154,0.155,0.156,0.156,0.158,0.155,0.158,0.162,0.163,0.163,0.157,0.171,0.154,0.158,0.161,0.164,0.161,0.152,0.16,0.153,0.158,0.162,0.16,0.166,0.16,0.16,0.166,0.158,0.183,0.164,0.159,0.16,0.16,0.157,0.169,0.179,0.182,0.17,0.17,0.16,0.174,0.167,0.16,0.161,0.156,0.159,0.155,0.16,0.159,0.16,0.176,0.152,0.157,0.164,0.153,0.161,0.153,0.15,0.154,0.161,0.159,0.142,0.155,0.148,0.163,0.156,0.162,0.171,0.157,0.158,0.163,0.156,0.148,0.153,0.16,0.147,0.143,0.145,0.138,0.163,0.154
0:44:10,0.134,0.126,0.127,0.126,0.129,0.131,0.138,0.129,0.133,0.135,0.137,0.133,0.159,0.159,0.156,0.154,0.142,0.155,0.156,0.15,0.162,0.158,0.155,0.16,0.154,0.165,0.164,0.154,0.155,0.158,0.156,0.159,0.155,0.158,0.162,0.164,0.171,0.158,0.173,0.155,0.159,0.161,0.164,0.163,0.153,0.161,0.153,0.158,0.165,0.16,0.167,0.161,0.161,0.167,0.16,0.194,0.174,0.165,0.164,0.171,0.16,0.171,0.175,0.182,0.179,0.512,0.16,0.174,0.168,0.157,0.162,0.164,0.158,0.158,0.16,0.157,0.158,0.168,0.153,0.156,0.166,0.15,0.16,0.153,0.15,0.153,0.161,0.16,0.142,0.152,0.148,0.167,0.155,0.163,0.168,0.16,0.162,0.167,0.159,0.149,0.156,0.161,0.147,0.143,0.145,0.138,0.163,0.156
0:59:10,0.139,0.127,0.131,0.127,0.132,0.134,0.142,0.13,0.135,0.139,0.14,0.138,0.161,0.161,0.161,0.157,0.142,0.161,0.157,0.151,0.164,0.159,0.155,0.162,0.156,0.167,0.167,0.154,0.157,0.16,0.158,0.16,0.156,0.158,0.163,0.165,0.178,0.159,0.175,0.157,0.16,0.161,0.164,0.165,0.152,0.161,0.153,0.158,0.167,0.159,0.168,0.162,0.162,0.166,0.161,0.202,0.178,0.167,0.167,0.176,0.162,0.17,0.176,0.173,0.187,0.356,0.161,0.171,0.168,0.158,0.163,0.167,0.157,0.161,0.162,0.157,0.157,0.165,0.153,0.156,0.165,0.149,0.158,0.153,0.149,0.156,0.16,0.161,0.142,0.151,0.148,0.168,0.155,0.161,0.166,0.159,0.163,0.168,0.161,0.15,0.158,0.164,0.147,0.143,0.144,0.138,0.163,0.155
1:14:10,0.142,0.129,0.133,0.128,0.129,0.138,0.145,0.133,0.136,0.142,0.141,0.14,0.162,0.162,0.163,0.16,0.142,0.166,0.158,0.153,0.165,0.159,0.155,0.163,0.157,0.171,0.169,0.156,0.158,0.162,0.158,0.16,0.157,0.158,0.161,0.165,0.184,0.16,0.177,0.16,0.162,0.162,0.164,0.166,0.153,0.162,0.153,0.157,0.168,0.158,0.167,0.163,0.161,0.166,0.163,0.205,0.183,0.168,0.17,0.181,0.166,0.175,0.177,0.172,0.186,0.187,0.168,0.171,0.172,0.164,0.168,0.171,0.16,0.166,0.164,0.157,0.154,0.155,0.154,0.158,0.165,0.15,0.159,0.154,0.149,0.155,0.159,0.162,0.142,0.151,0.148,0.167,0.154,0.161,0.166,0.157,0.168,0.174,0.167,0.15,0.161,0.166,0.147,0.143,0.144,0.137,0.163,0.153
1:29:10,0.145,0.132,0.134,0.132,0.131,0.144,0.148,0.133,0.14,0.145,0.141,0.144,0.161,0.163,0.166,0.162,0.143,0.171,0.159,0.153,0.166,0.16,0.155,0.164,0.159,0.173,0.171,0.157,0.158,0.163,0.16,0.16,0.157,0.16,0.162,0.166,0.187,0.162,0.178,0.163,0.163,0.162,0.164,0.167,0.153,0.161,0.153,0.157,0.167,0.158,0.165,0.161,0.16,0.166,0.167,0.21,0.184,0.173,0.174,0.186,0.169,0.178,0.186,0.175,0.191,0.163,0.174,0.173,0.178,0.169,0.171,0.179,0.164,0.175,0.171,0.159,0.152,0.154,0.155,0.159,0.16,0.152,0.16,0.154,0.15,0.155,0.159,0.162,0.141,0.15,0.147,0.168,0.155,0.16,0.168,0.155,0.176,0.18,0.17,0.152,0.164,0.165,0.147,0.143,0.143,0.137,0.166,0.151
1:44:10,0.149,0.14,0.134,0.138,0.136,0.144,0.153,0.141,0.144,0.148,0.144,0.148,0.162,0.164,0.168,0.164,0.143,0.172,0.16,0.154,0.166,0.16,0.156,0.165,0.159,0.175,0.173,0.159,0.16,0.166,0.161,0.162,0.157,0.161,0.161,0.168,0.19,0.163,0.18,0.165,0.165,0.163,0.165,0.167,0.152,0.162,0.152,0.157,0.168,0.157,0.164,0.16,0.162,0.166,0.171,0.216,0.191,0.181,0.184,0.183,0.179,0.187,0.201,0.197,0.203,0.202,0.182,0.183,0.184,0.173,0.175,0.186,0.172,0.184,0.175,0.162,0.156,0.158,0.156,0.163,0.164,0.152,0.162,0.155,0.15,0.154,0.163,0.159,0.14,0.151,0.147,0.166,0.156,0.162,0.169,0.155,0.188,0.187,0.179,0.16,0.18,0.179,0.146,0.145,0.143,0.137,0.163,0.154
1:59:10,0.154,0.137,0.135,0.142,0.138,0.147,0.155,0.138,0.144,0.152,0.146,0.152,0.162,0.165,0.169,0.166,0.144,0.173,0.161,0.157,0.169,0.16,0.156,0.166,0.161,0.177,0.174,0.162,0.161,0.167,0.162,0.167,0.158,0.16,0.16,0.168,0.19,0.163,0.184,0.168,0.169,0.165,0.166,0.168,0.152,0.161,0.152,0.157,0.166,0.159,0.165,0.161,0.162,0.167,0.171,0.211,0.198,0.184,0.189,0.188,0.192,0.195,0.215,0.214,0.207,0.197,0.188,0.188,0.187,0.178,0.184,0.189,0.169,0.186,0.192,0.166,0.161,0.158,0.157,0.158,0.162,0.153,0.163,0.155,0.15,0.155,0.161,0.16,0.14,0.15,0.147,0.165,0.158,0.164,0.172,0.155,0.187,0.198,0.182,0.15,0.176,0.176,0.145,0.144,0.143,0.137,0.167,0.153
2:14:10,0.158,0.138,0.133,0.145,0.141,0.152,0.159,0.14,0.147,0.156,0.149,0.156,0.163,0.166,0.171,0.167,0.146,0.18,0.162,0.159,0.171,0.161,0.156,0.167,0.164,0.181,0.176,0.165,0.163,0.169,0.164,0.168,0.16,0.163,0.161,0.169,0.191,0.164,0.186,0.17,0.17,0.166,0.167,0.172,0.153,0.163,0.152,0.158,0.165,0.16,0.164,0.163,0.162,0.169,0.175,0.214,0.204,0.19,0.191,0.186,0.197,0.199,0.227,0.219,0.219,0.21,0.193,0.191,0.188,0.187,0.186,0.192,0.18,0.195,0.196,0.173,0.162,0.176,0.159,0.159,0.158,0.153,0.165,0.159,0.151,0.154,0.159,0.158,0.14,0.149,0.149,0.166,0.16,0.168,0.171,0.155,0.193,0.2,0.188,0.168,0.181,0.18,0.145,0.143,0.144,0.137,0.17,0.158
2:29:10,0.161,0.141,0.133,0.148,0.146,0.155,0.164,0.142,0.149,0.161,0.153,0.161,0.166,0.168,0.172,0.169,0.146,0.181,0.163,0.161,0.172,0.162,0.156,0.169,0.165,0.185,0.178,0.168,0.164,0.172,0.167,0.169,0.161,0.165,0.161,0.169,0.196,0.166,0.187,0.172,0.17,0.168,0.168,0.172,0.152,0.163,0.152,0.159,0.165,0.164,0.166,0.167,0.166,0.172,0.179,0.219,0.212,0.192,0.196,0.187,0.203,0.208,0.233,0.226,0.227,0.218,0.196,0.192,0.191,0.191,0.188,0.195,0.187,0.199,0.209,0.178,0.17,0.176,0.16,0.163,0.157,0.155,0.168,0.161,0.151,0.154,0.159,0.16,0.14,0.149,0.152,0.165,0.158,0.17,0.174,0.159,0.2,0.203,0.193,0.172,0.182,0.195,0.145,0.147,0.142,0.137,0.178,0.159
2:44:10,0.166,0.144,0.133,0.153,0.148,0.159,0.17,0.146,0.154,0.167,0.157,0.167,0.169,0.17,0.175,0.171,0.153,0.185,0.164,0.163,0.173,0.164,0.155,0.17,0.167,0.188,0.181,0.172,0.168,0.175,0.168,0.171,0.162,0.166,0.161,0.171,0.201,0.168,0.189,0.174,0.171,0.168,0.169,0.174,0.152,0.165,0.152,0.158,0.168,0.166,0.168,0.169,0.167,0.171,0.18,0.222,0.221,0.198,0.201,0.196,0.211,0.219,0.241,0.237,0.233,0.218,0.198,0.194,0.192,0.193,0.188,0.199,0.191,0.208,0.227,0.179,0.174,0.189,0.165,0.169,0.158,0.155,0.17,0.164,0.153,0.155,0.16,0.161,0.141,0.148,0.156,0.169,0.159,0.172,0.181,0.162,0.204,0.206,0.198,0.187,0.185,0.204,0.146,0.148,0.154,0.146,0.183,0.166
2:59:10,0.174,0.148,0.133,0.159,0.159,0.165,0.178,0.15,0.16,0.175,0.161,0.173,0.171,0.172,0.179,0.174,0.16,0.189,0.166,0.166,0.175,0.166,0.155,0.172,0.17,0.193,0.185,0.177,0.171,0.179,0.171,0.175,0.164,0.169,0.161,0.173,0.205,0.17,0.193,0.177,0.172,0.171,0.17,0.176,0.152,0.166,0.153,0.159,0.172,0.169,0.172,0.171,0.169,0.175,0.184,0.23,0.229,0.204,0.208,0.209,0.221,0.225,0.25,0.245,0.244,0.243,0.202,0.2,0.193,0.197,0.194,0.204,0.199,0.204,0.233,0.203,0.194,0.196,0.17,0.172,0.157,0.156,0.175,0.168,0.152,0.154,0.166,0.167,0.14,0.147,0.161,0.172,0.165,0.178,0.185,0.164,0.213,0.215,0.203,0.203,0.189,0.206,0.144,0.156,0.16,0.137,0.194,0.174
3:14:10,0.182,0.154,0.132,0.166,0.16,0.172,0.187,0.155,0.168,0.185,0.168,0.183,0.175,0.176,0.185,0.178,0.164,0.195,0.169,0.168,0.177,0.168,0.156,0.174,0.174,0.199,0.191,0.182,0.175,0.184,0.176,0.18,0.166,0.172,0.161,0.176,0.21,0.172,0.197,0.18,0.175,0.173,0.172,0.178,0.152,0.167,0.152,0.16,0.175,0.174,0.179,0.176,0.173,0.177,0.189,0.238,0.24,0.211,0.215,0.211,0.233,0.233,0.263,0.257,0.254,0.255,0.205,0.203,0.198,0.201,0.199,0.209,0.208,0.216,0.242,0.223,0.209,0.212,0.175,0.177,0.157,0.157,0.181,0.172,0.157,0.158,0.169,0.171,0.141,0.147,0.168,0.178,0.173,0.182,0.191,0.167,0.223,0.222,0.209,0.201,0.195,0.215,0.144,0.163,0.171,0.139,0.194,0.179
3:29:10,0.194,0.162,0.132,0.175,0.17,0.181,0.199,0.162,0.178,0.198,0.177,0.191,0.18,0.18,0.191,0.183,0.175,0.203,0.172,0.173,0.18,0.171,0.156,0.177,0.179,0.207,0.198,0.189,0.18,0.19,0.182,0.185,0.171,0.177,0.161,0.181,0.217,0.177,0.202,0.186,0.179,0.175,0.174,0.181,0.152,0.168,0.152,0.161,0.179,0.184,0.183,0.181,0.179,0.181,0.195,0.249,0.253,0.221,0.224,0.224,0.248,0.248,0.274,0.277,0.264,0.267,0.21,0.205,0.202,0.21,0.205,0.213,0.224,0.238,0.26,0.246,0.226,0.203,0.181,0.182,0.157,0.159,0.187,0.177,0.154,0.162,0.172,0.178,0.141,0.148,0.173,0.183,0.176,0.189,0.195,0.172,0.234,0.229,0.218,0.213,0.203,0.228,0.147,0.18,0.18,0.138,0.195,0.182
3:44:10,0.204,0.171,0.132,0.186,0.181,0.193,0.211,0.171,0.188,0.211,0.187,0.206,0.186,0.185,0.198,0.189,0.186,0.211,0.175,0.178,0.184,0.173,0.156,0.181,0.184,0.214,0.206,0.196,0.187,0.198,0.189,0.191,0.175,0.182,0.161,0.187,0.227,0.182,0.208,0.192,0.184,0.178,0.177,0.185,0.152,0.17,0.152,0.162,0.184,0.192,0.188,0.187,0.184,0.185,0.205,0.259,0.268,0.23,0.235,0.237,0.257,0.264,0.286,0.303,0.28,0.279,0.218,0.202,0.212,0.211,0.21,0.218,0.248,0.229,0.266,0.268,0.242,0.203,0.188,0.189,0.157,0.162,0.194,0.183,0.162,0.165,0.176,0.184,0.144,0.149,0.178,0.192,0.179,0.196,0.201,0.18,0.245,0.243,0.23,0.228,0.212,0.244,0.148,0.204,0.198,0.157,0.191,0.185
3:59:10,0.217,0.18,0.131,0.197,0.197,0.203,0.222,0.179,0.198,0.225,0.195,0.214,0.192,0.193,0.206,0.195,0.195,0.221,0.18,0.184,0.189,0.177,0.156,0.185,0.188,0.223,0.214,0.204,0.192,0.206,0.197,0.197,0.18,0.189,0.162,0.192,0.24,0.187,0.216,0.199,0.19,0.183,0.181,0.19,0.153,0.172,0.152,0.163,0.194,0.223,0.195,0.195,0.19,0.196,0.212,0.266,0.28,0.243,0.246,0.246,0.246,0.234,0.287,0.304,0.298,0.302,0.227,0.209,0.223,0.22,0.216,0.224,0.264,0.265,0.269,0.266,0.263,0.207,0.194,0.197,0.158,0.164,0.201,0.189,0.167,0.173,0.183,0.194,0.143,0.15,0.188,0.201,0.201,0.199,0.211,0.186,0.27,0.25,0.234,0.259,0.212,0.265,0.149,0.243,0.206,0.191,0.214,0.198
4:14:10,0.231,0.189,0.131,0.206,0.218,0.212,0.234,0.186,0.208,0.238,0.203,0.221,0.199,0.198,0.215,0.201,0.21,0.229,0.185,0.191,0.193,0.181,0.157,0.191,0.196,0.228,0.22,0.21,0.197,0.211,0.204,0.205,0.185,0.197,0.162,0.197,0.251,0.192,0.223,0.205,0.195,0.188,0.185,0.194,0.153,0.175,0.152,0.164,0.197,0.213,0.207,0.201,0.195,0.202,0.222,0.264,0.286,0.247,0.25,0.267,0.288,0.229,0.298,0.326,0.309,0.299,0.227,0.211,0.234,0.232,0.226,0.227,0.275,0.272,0.255,0.293,0.289,0.257,0.2,0.205,0.158,0.166,0.206,0.195,0.173,0.178,0.189,0.204,0.145,0.151,0.208,0.211,0.207,0.206,0.223,0.201,0.272,0.25,0.242,0.27,0.173,0.26,0.149,0.263,0.222,0.139,0.238,0.213
4:29:10,0.238,0.2,0.131,0.213,0.237,0.22,0.241,0.19,0.218,0.247,0.212,0.233,0.204,0.203,0.222,0.208,0.217,0.236,0.191,0.197,0.199,0.186,0.157,0.197,0.204,0.236,0.227,0.215,0.2,0.218,0.212,0.213,0.191,0.203,0.161,0.201,0.257,0.196,0.231,0.21,0.2,0.193,0.19,0.2,0.153,0.178,0.152,0.167,0.199,0.236,0.216,0.209,0.201,0.21,0.226,0.271,0.271,0.272,0.26,0.287,0.312,0.265,0.312,0.313,0.318,0.312,0.219,0.224,0.227,0.242,0.229,0.231,0.295,0.262,0.288,0.278,0.3,0.308,0.211,0.216,0.159,0.17,0.213,0.201,0.183,0.187,0.195,0.21,0.148,0.154,0.2,0.217,0.212,0.217,0.228,0.21,0.299,0.218,0.228,0.262,0.18,0.249,0.145,0.271,0.257,0.177,0.261,0.231
4:44:10,0.243,0.214,0.131,0.215,0.251,0.229,0.249,0.199,0.227,0.256,0.219,0.253,0.209,0.211,0.226,0.212,0.233,0.241,0.199,0.202,0.203,0.191,0.156,0.202,0.215,0.244,0.233,0.218,0.201,0.226,0.218,0.219,0.198,0.212,0.161,0.203,0.258,0.201,0.235,0.214,0.203,0.195,0.195,0.207,0.153,0.182,0.153,0.169,0.222,0.266,0.21,0.245,0.211,0.212,0.229,0.287,0.265,0.273,0.283,0.299,0.323,0.287,0.328,0.341,0.299,0.333,0.208,0.228,0.24,0.226,0.232,0.219,0.312,0.27,0.293,0.304,0.314,0.295,0.214,0.22,0.161,0.174,0.218,0.205,0.187,0.192,0.2,0.217,0.16,0.158,0.205,0.234,0.196,0.231,0.251,0.2,0.293,0.291,0.274,0.296,0.207,0.251,0.166,0.28,0.266,0.228,0.274,0.253
4:59:10,0.247,0.225,0.131,0.218,0.261,0.237,0.253,0.201,0.233,0.264,0.221,0.252,0.213,0.216,0.229,0.219,0.234,0.245,0.205,0.208,0.208,0.196,0.155,0.207,0.218,0.248,0.236,0.218,0.203,0.228,0.22,0.224,0.201,0.213,0.162,0.205,0.259,0.204,0.237,0.219,0.209,0.199,0.198,0.21,0.153,0.186,0.154,0.171,0.235,0.272,0.22,0.258,0.216,0.221,0.205,0.249,0.272,0.287,0.271,0.309,0.335,0.28,0.324,0.372,0.336,0.286,0.256,0.227,0.254,0.236,0.222,0.227,0.301,0.259,0.297,0.281,0.315,0.404,0.22,0.223,0.162,0.179,0.22,0.21,0.189,0.196,0.205,0.22,0.154,0.162,0.235,0.239,0.204,0.238,0.25,0.211,0.263,0.308,0.255,0.3,0.222,0.224,0.235,0.297,0.276,0.224,0.303,0.255
5:14:10,0.25,0.236,0.131,0.223,0.269,0.244,0.259,0.201,0.236,0.272,0.225,0.259,0.216,0.22,0.234,0.223,0.236,0.243,0.209,0.213,0.211,0.201,0.155,0.209,0.22,0.254,0.238,0.224,0.206,0.229,0.221,0.228,0.202,0.216,0.159,0.217,0.26,0.207,0.237,0.223,0.211,0.203,0.202,0.214,0.152,0.191,0.152,0.174,0.242,0.298,0.244,0.265,0.23,0.259,0.254,0.233,0.287,0.308,0.275,0.303,0.344,0.296,0.231,0.311,0.331,0.341,0.253,0.233,0.254,0.242,0.247,0.235,0.336,0.255,0.297,0.252,0.325,0.438,0.223,0.224,0.164,0.183,0.227,0.214,0.194,0.199,0.208,0.219,0.178,0.167,0.231,0.244,0.227,0.21,0.248,0.212,0.302,0.304,0.255,0.265,0.245,0.226,0.237,0.318,0.319,0.296,0.323,0.277
5:29:10,0.255,0.244,0.131,0.224,0.274,0.245,0.258,0.205,0.237,0.274,0.228,0.253,0.218,0.223,0.233,0.226,0.225,0.246,0.211,0.217,0.215,0.203,0.154,0.211,0.223,0.26,0.242,0.222,0.209,0.235,0.224,0.229,0.206,0.222,0.16,0.219,0.26,0.208,0.239,0.219,0.209,0.205,0.207,0.217,0.152,0.194,0.152,0.176,0.269,0.302,0.268,0.272,0.24,0.254,0.237,0.236,0.288,0.314,0.269,0.297,0.353,0.316,0.283,0.198,0.342,0.341,0.264,0.222,0.266,0.241,0.234,0.206,0.337,0.24,0.296,0.24,0.234,0.289,0.228,0.229,0.167,0.187,0.229,0.216,0.199,0.202,0.208,0.222,0.163,0.172,0.277,0.234,0.207,0.214,0.247,0.218,0.299,0.343,0.27,0.256,0.253,0.231,0.244,0.32,0.363,0.298,0.332,0.301
5:44:10,0.261,0.257,0.131,0.226,0.281,0.252,0.259,0.212,0.245,0.279,0.235,0.256,0.225,0.229,0.237,0.233,0.226,0.253,0.216,0.221,0.222,0.21,0.155,0.216,0.232,0.267,0.25,0.23,0.214,0.242,0.224,0.231,0.21,0.225,0.162,0.229,0.268,0.211,0.238,0.22,0.212,0.21,0.213,0.223,0.153,0.199,0.153,0.18,0.282,0.312,0.281,0.29,0.26,0.277,0.222,0.254,0.305,0.319,0.276,0.326,0.337,0.298,0.337,0.208,0.376,0.323,0.274,0.218,0.28,0.236,0.24,0.209,0.365,0.258,0.295,0.456,0.22,0.247,0.234,0.235,0.17,0.191,0.239,0.224,0.203,0.205,0.21,0.226,0.167,0.175,0.268,0.255,0.236,0.218,0.263,0.234,0.294,0.332,0.265,0.252,0.257,0.241,0.264,0.341,0.378,0.345,0.358,0.309
5:59:10,0.267,0.265,0.131,0.233,0.286,0.257,0.265,0.219,0.259,0.29,0.238,0.267,0.233,0.238,0.242,0.241,0.227,0.257,0.222,0.224,0.225,0.212,0.156,0.221,0.238,0.277,0.255,0.235,0.223,0.248,0.231,0.235,0.216,0.229,0.161,0.237,0.272,0.213,0.239,0.226,0.219,0.214,0.216,0.225,0.153,0.202,0.153,0.183,0.296,0.326,0.286,0.301,0.274,0.287,0.23,0.239,0.304,0.329,0.271,0.357,0.332,0.301,0.347,0.258,0.368,0.328,0.289,0.219,0.286,0.225,0.248,0.238,0.369,0.277,0.308,0.502,0.406,0.23,0.236,0.239,0.172,0.194,0.246,0.227,0.203,0.207,0.215,0.23,0.182,0.179,0.297,0.28,0.224,0.219,0.272,0.232,0.293,0.325,0.29,0.282,0.251,0.261,0.273,0.351,0.39,0.355,0.368,0.328
6:14:10,0.27,0.269,0.131,0.241,0.28,0.257,0.271,0.228,0.267,0.296,0.246,0.265,0.239,0.243,0.247,0.247,0.235,0.263,0.232,0.231,0.232,0.219,0.155,0.229,0.251,0.283,0.264,0.245,0.227,0.258,0.237,0.239,0.223,0.235,0.161,0.24,0.271,0.22,0.246,0.231,0.225,0.221,0.221,0.232,0.152,0.206,0.153,0.187,0.301,0.333,0.283,0.305,0.284,0.291,0.236,0.265,0.308,0.298,0.278,0.356,0.333,0.294,0.341,0.253,0.37,0.378,0.308,0.218,0.298,0.247,0.257,0.252,0.377,0.297,0.303,0.513,0.393,0.297,0.246,0.247,0.185,0.199,0.256,0.232,0.21,0.212,0.219,0.234,0.179,0.183,0.322,0.28,0.271,0.256,0.267,0.237,0.293,0.328,0.277,0.337,0.268,0.284,0.276,0.358,0.395,0.353,0.371,0.335
6:29:10,0.272,0.269,0.131,0.247,0.278,0.252,0.272,0.234,0.27,0.301,0.252,0.263,0.251,0.253,0.26,0.261,0.241,0.276,0.237,0.236,0.239,0.227,0.155,0.237,0.26,0.289,0.273,0.255,0.236,0.268,0.243,0.244,0.226,0.238,0.162,0.249,0.276,0.226,0.251,0.236,0.231,0.227,0.226,0.238,0.152,0.209,0.152,0.191,0.305,0.339,0.291,0.311,0.293,0.304,0.252,0.273,0.325,0.311,0.277,0.359,0.347,0.3,0.354,0.263,0.395,0.312,0.327,0.218,0.331,0.262,0.271,0.267,0.39,0.306,0.322,0.514,0.362,0.464,0.253,0.255,0.19,0.203,0.265,0.243,0.216,0.216,0.222,0.241,0.176,0.186,0.339,0.299,0.296,0.264,0.269,0.268,0.309,0.352,0.289,0.411,0.274,0.308,0.192,0.36,0.412,0.354,0.373,0.339
6:44:10,0.276,0.281,0.131,0.266,0.277,0.243,0.269,0.249,0.262,0.294,0.258,0.261,0.258,0.261,0.264,0.266,0.252,0.28,0.248,0.24,0.244,0.233,0.155,0.242,0.275,0.286,0.279,0.262,0.244,0.273,0.248,0.25,0.231,0.243,0.161,0.256,0.277,0.232,0.26,0.244,0.239,0.233,0.23,0.243,0.151,0.211,0.152,0.198,0.314,0.348,0.311,0.315,0.295,0.308,0.264,0.278,0.326,0.322,0.288,0.376,0.359,0.311,0.35,0.281,0.39,0.314,0.342,0.226,0.342,0.266,0.28,0.275,0.395,0.316,0.346,0.567,0.396,0.448,0.262,0.261,0.195,0.21,0.269,0.25,0.208,0.221,0.228,0.242,0.181,0.19,0.314,0.305,0.306,0.247,0.245,0.281,0.324,0.36,0.303,0.398,0.286,0.334,0.178,0.358,0.418,0.35,0.384,0.342
6:59:10,0.277,0.275,0.131,0.266,0.269,0.238,0.264,0.252,0.256,0.292,0.268,0.255,0.269,0.274,0.275,0.279,0.253,0.278,0.261,0.254,0.256,0.245,0.155,0.258,0.276,0.289,0.283,0.27,0.262,0.28,0.259,0.262,0.244,0.257,0.162,0.271,0.289,0.243,0.268,0.254,0.25,0.244,0.24,0.255,0.152,0.221,0.152,0.205,0.316,0.358,0.317,0.326,0.302,0.315,0.291,0.279,0.328,0.329,0.292,0.383,0.373,0.32,0.345,0.334,0.339,0.348,0.359,0.23,0.352,0.272,0.318,0.279,0.426,0.321,0.335,0.484,0.396,0.455,0.27,0.273,0.199,0.215,0.278,0.262,0.214,0.229,0.234,0.246,0.187,0.188,0.36,0.319,0.292,0.252,0.265,0.285,0.331,0.359,0.309,0.309,0.294,0.352,0.184,0.366,0.429,0.355,0.38,0.348
7:14:10,0.272,0.276,0.131,0.27,0.27,0.238,0.251,0.254,0.251,0.286,0.258,0.247,0.267,0.278,0.273,0.282,0.255,0.278,0.273,0.261,0.264,0.255,0.156,0.266,0.27,0.286,0.283,0.269,0.267,0.279,0.266,0.264,0.254,0.262,0.162,0.271,0.286,0.251,0.284,0.267,0.262,0.25,0.246,0.263,0.152,0.225,0.153,0.21,0.319,0.362,0.321,0.338,0.309,0.31,0.301,0.282,0.328,0.33,0.31,0.385,0.354,0.314,0.356,0.375,0.335,0.375,0.359,0.31,0.353,0.279,0.316,0.289,0.433,0.324,0.326,0.451,0.457,0.433,0.272,0.274,0.206,0.219,0.28,0.263,0.223,0.236,0.247,0.246,0.182,0.191,0.366,0.324,0.288,0.262,0.276,0.29,0.343,0.37,0.326,0.399,0.305,0.364,0.186,0.367,0.395,0.361,0.378,0.349
7:29:10,0.262,0.268,0.131,0.264,0.268,0.234,0.243,0.252,0.244,0.279,0.253,0.244,0.27,0.278,0.273,0.279,0.254,0.279,0.277,0.271,0.277,0.267,0.156,0.272,0.272,0.283,0.28,0.269,0.267,0.281,0.267,0.263,0.258,0.262,0.162,0.271,0.28,0.26,0.281,0.266,0.262,0.262,0.258,0.265,0.153,0.235,0.152,0.217,0.326,0.362,0.33,0.344,0.317,0.319,0.308,0.267,0.329,0.323,0.292,0.382,0.318,0.318,0.34,0.382,0.325,0.387,0.359,0.319,0.36,0.3,0.324,0.295,0.428,0.329,0.333,0.58,0.46,0.432,0.276,0.28,0.21,0.229,0.283,0.263,0.237,0.242,0.249,0.246,0.184,0.193,0.371,0.329,0.315,0.276,0.312,0.294,0.344,0.37,0.331,0.37,0.302,0.374,0.189,0.369,0.377,0.356,0.373,0.351
7:44:10,0.258,0.257,0.131,0.255,0.259,0.231,0.237,0.247,0.236,0.276,0.258,0.242,0.282,0.283,0.28,0.292,0.258,0.277,0.283,0.279,0.282,0.272,0.156,0.279,0.275,0.285,0.283,0.276,0.276,0.288,0.272,0.265,0.265,0.269,0.162,0.274,0.28,0.265,0.29,0.274,0.271,0.268,0.261,0.269,0.153,0.248,0.152,0.224,0.33,0.362,0.336,0.343,0.321,0.325,0.293,0.285,0.328,0.33,0.305,0.385,0.315,0.305,0.327,0.37,0.305,0.373,0.372,0.326,0.414,0.293,0.339,0.297,0.434,0.341,0.349,0.51,0.452,0.477,0.279,0.283,0.217,0.238,0.287,0.269,0.241,0.244,0.251,0.247,0.187,0.219,0.363,0.334,0.329,0.287,0.294,0.297,0.34,0.351,0.321,0.459,0.301,0.376,0.193,0.37,0.416,0.352,0.373,0.353
7:59:10,0.259,0.26,0.131,0.257,0.261,0.234,0.233,0.251,0.236,0.275,0.259,0.242,0.272,0.28,0.277,0.286,0.258,0.278,0.284,0.281,0.285,0.274,0.157,0.282,0.272,0.283,0.278,0.272,0.273,0.279,0.269,0.266,0.264,0.27,0.161,0.275,0.273,0.263,0.285,0.271,0.267,0.269,0.265,0.271,0.153,0.255,0.152,0.228,0.325,0.357,0.332,0.335,0.318,0.323,0.29,0.287,0.335,0.331,0.313,0.372,0.318,0.302,0.325,0.361,0.299,0.372,0.365,0.331,0.418,0.298,0.333,0.305,0.44,0.344,0.347,0.419,0.477,0.49,0.273,0.276,0.212,0.249,0.279,0.269,0.229,0.245,0.253,0.247,0.189,0.203,0.36,0.336,0.311,0.29,0.283,0.301,0.337,0.35,0.317,0.318,0.296,0.379,0.195,0.361,0.413,0.347,0.381,0.352
8:14:10,0.259,0.26,0.13,0.257,0.264,0.234,0.234,0.252,0.238,0.273,0.262,0.238,0.285,0.287,0.277,0.285,0.261,0.284,0.289,0.29,0.293,0.286,0.157,0.293,0.277,0.287,0.282,0.273,0.277,0.285,0.277,0.27,0.273,0.277,0.161,0.282,0.271,0.264,0.282,0.273,0.271,0.275,0.272,0.277,0.153,0.264,0.152,0.242,0.324,0.355,0.331,0.334,0.319,0.326,0.317,0.273,0.324,0.333,0.313,0.378,0.323,0.304,0.329,0.35,0.291,0.365,0.367,0.334,0.361,0.298,0.332,0.31,0.445,0.344,0.347,0.416,0.464,0.494,0.285,0.287,0.226,0.257,0.292,0.276,0.235,0.248,0.257,0.252,0.187,0.203,0.35,0.34,0.322,0.296,0.28,0.305,0.344,0.355,0.322,0.294,0.286,0.399,0.298,0.364,0.39,0.348,0.37,0.357
8:29:10,0.26,0.266,0.131,0.258,0.276,0.239,0.237,0.253,0.244,0.279,0.261,0.246,0.284,0.285,0.28,0.283,0.266,0.285,0.291,0.292,0.295,0.289,0.158,0.294,0.275,0.287,0.28,0.275,0.273,0.284,0.274,0.269,0.27,0.273,0.16,0.28,0.269,0.264,0.279,0.269,0.269,0.273,0.273,0.278,0.152,0.267,0.152,0.249,0.318,0.357,0.328,0.333,0.316,0.326,0.315,0.281,0.333,0.334,0.312,0.389,0.325,0.304,0.334,0.359,0.29,0.381,0.377,0.335,0.418,0.3,0.361,0.308,0.446,0.347,0.325,0.41,0.5,0.501,0.283,0.287,0.235,0.258,0.292,0.288,0.237,0.248,0.257,0.256,0.191,0.209,0.352,0.343,0.337,0.298,0.279,0.307,0.343,0.345,0.321,0.287,0.282,0.398,0.195,0.361,0.397,0.339,0.371,0.352
8:44:10,0.26,0.268,0.131,0.259,0.276,0.241,0.242,0.254,0.249,0.279,0.26,0.248,0.286,0.284,0.278,0.293,0.273,0.284,0.285,0.281,0.289,0.281,0.159,0.287,0.278,0.291,0.28,0.278,0.27,0.283,0.271,0.268,0.267,0.27,0.16,0.278,0.271,0.263,0.279,0.267,0.268,0.271,0.268,0.274,0.153,0.271,0.152,0.259,0.319,0.36,0.325,0.335,0.313,0.329,0.316,0.293,0.323,0.337,0.333,0.378,0.328,0.302,0.334,0.358,0.291,0.38,0.396,0.338,0.36,0.299,0.378,0.306,0.448,0.345,0.323,0.417,0.428,0.5,0.284,0.287,0.244,0.259,0.289,0.269,0.235,0.249,0.257,0.259,0.196,0.21,0.355,0.345,0.336,0.299,0.279,0.309,0.344,0.332,0.309,0.286,0.281,0.383,0.196,0.357,0.397,0.344,0.369,0.353
8:59:10,0.269,0.278,0.131,0.272,0.291,0.25,0.248,0.267,0.263,0.292,0.27,0.257,0.287,0.291,0.282,0.285,0.274,0.288,0.293,0.285,0.294,0.283,0.16,0.291,0.288,0.302,0.293,0.289,0.275,0.288,0.27,0.267,0.267,0.271,0.161,0.277,0.276,0.263,0.281,0.27,0.271,0.272,0.266,0.267,0.153,0.259,0.152,0.252,0.317,0.359,0.319,0.343,0.312,0.318,0.322,0.295,0.321,0.341,0.339,0.382,0.326,0.302,0.332,0.344,0.287,0.383,0.391,0.341,0.433,0.299,0.387,0.311,0.449,0.348,0.316,0.408,0.456,0.519,0.281,0.29,0.249,0.258,0.289,0.272,0.243,0.251,0.26,0.263,0.21,0.223,0.348,0.347,0.325,0.288,0.279,0.313,0.352,0.334,0.313,0.3,0.281,0.407,0.198,0.35,0.398,0.33,0.377,0.355
9:14:10,0.269,0.277,0.13,0.269,0.28,0.264,0.251,0.268,0.263,0.296,0.275,0.256,0.282,0.293,0.286,0.29,0.279,0.292,0.293,0.287,0.295,0.285,0.161,0.291,0.291,0.299,0.29,0.29,0.275,0.286,0.272,0.271,0.265,0.276,0.161,0.281,0.274,0.264,0.282,0.27,0.271,0.272,0.267,0.267,0.153,0.264,0.152,0.26,0.314,0.363,0.317,0.345,0.311,0.316,0.317,0.301,0.32,0.344,0.342,0.384,0.327,0.301,0.333,0.345,0.289,0.381,0.388,0.343,0.428,0.301,0.395,0.314,0.452,0.353,0.314,0.411,0.499,0.525,0.283,0.29,0.252,0.259,0.291,0.279,0.249,0.255,0.264,0.269,0.201,0.226,0.352,0.353,0.344,0.283,0.277,0.317,0.361,0.339,0.307,0.33,0.281,0.404,0.197,0.356,0.403,0.335,0.375,0.363
9:29:10,0.277,0.285,0.131,0.281,0.299,0.261,0.258,0.28,0.278,0.309,0.281,0.272,0.302,0.293,0.289,0.3,0.282,0.294,0.299,0.299,0.297,0.299,0.162,0.299,0.277,0.284,0.281,0.283,0.28,0.304,0.285,0.281,0.285,0.287,0.162,0.292,0.273,0.266,0.281,0.273,0.274,0.279,0.275,0.284,0.153,0.265,0.152,0.265,0.316,0.366,0.319,0.343,0.312,0.317,0.316,0.282,0.32,0.342,0.349,0.386,0.326,0.301,0.334,0.348,0.291,0.375,0.397,0.351,0.437,0.303,0.401,0.313,0.453,0.357,0.318,0.368,0.375,0.53,0.298,0.306,0.269,0.264,0.309,0.295,0.253,0.255,0.266,0.274,0.203,0.229,0.357,0.352,0.357,0.286,0.278,0.321,0.363,0.326,0.307,0.361,0.283,0.396,0.263,0.369,0.413,0.335,0.374,0.369
9:44:10,0.28,0.288,0.13,0.279,0.304,0.256,0.26,0.284,0.276,0.31,0.29,0.273,0.306,0.299,0.292,0.306,0.303,0.3,0.299,0.299,0.301,0.293,0.164,0.301,0.295,0.3,0.293,0.29,0.28,0.285,0.281,0.279,0.275,0.287,0.161,0.288,0.279,0.268,0.285,0.275,0.276,0.278,0.276,0.275,0.153,0.266,0.152,0.265,0.317,0.368,0.324,0.352,0.314,0.323,0.301,0.299,0.32,0.349,0.348,0.396,0.321,0.3,0.327,0.347,0.291,0.382,0.398,0.355,0.426,0.304,0.392,0.31,0.454,0.358,0.32,0.497,0.374,0.541,0.291,0.298,0.262,0.256,0.307,0.319,0.255,0.263,0.269,0.294,0.207,0.228,0.356,0.349,0.364,0.288,0.31,0.326,0.362,0.328,0.303,0.465,0.284,0.381,0.196,0.366,0.414,0.329,0.381,0.372
9:59:10,0.284,0.292,0.131,0.29,0.309,0.269,0.267,0.294,0.287,0.322,0.298,0.28,0.31,0.302,0.299,0.314,0.311,0.309,0.299,0.301,0.303,0.301,0.166,0.306,0.294,0.291,0.292,0.288,0.278,0.282,0.285,0.284,0.285,0.293,0.162,0.295,0.277,0.267,0.285,0.274,0.274,0.28,0.28,0.278,0.153,0.269,0.152,0.263,0.32,0.372,0.327,0.361,0.318,0.322,0.323,0.305,0.321,0.347,0.357,0.391,0.32,0.3,0.341,0.354,0.296,0.391,0.401,0.362,0.43,0.306,0.386,0.311,0.455,0.356,0.316,0.477,0.426,0.546,0.297,0.305,0.267,0.271,0.325,0.324,0.257,0.264,0.264,0.301,0.217,0.251,0.363,0.354,0.372,0.287,0.315,0.329,0.364,0.317,0.3,0.494,0.285,0.384,0.294,0.376,0.43,0.348,0.38,0.382
10:14:10,0.291,0.3,0.13,0.299,0.306,0.272,0.274,0.305,0.297,0.329,0.324,0.288,0.327,0.316,0.306,0.322,0.318,0.318,0.307,0.307,0.308,0.303,0.168,0.318,0.304,0.306,0.298,0.306,0.284,0.292,0.286,0.287,0.282,0.294,0.162,0.299,0.293,0.273,0.295,0.281,0.283,0.281,0.28,0.282,0.153,0.266,0.152,0.256,0.324,0.374,0.328,0.37,0.328,0.327,0.327,0.313,0.321,0.358,0.364,0.392,0.315,0.299,0.34,0.346,0.293,0.396,0.402,0.362,0.425,0.308,0.382,0.309,0.454,0.356,0.321,0.574,0.391,0.558,0.296,0.304,0.254,0.267,0.325,0.295,0.266,0.268,0.281,0.305,0.233,0.272,0.359,0.358,0.372,0.288,0.321,0.334,0.363,0.318,0.295,0.479,0.286,0.4,0.307,0.374,0.429,0.304,0.386,0.386
10:29:10,0.295,0.317,0.13,0.304,0.322,0.303,0.284,0.313,0.305,0.336,0.317,0.293,0.342,0.321,0.307,0.324,0.325,0.321,0.302,0.305,0.303,0.303,0.171,0.312,0.288,0.303,0.296,0.3,0.282,0.292,0.292,0.294,0.286,0.299,0.162,0.305,0.283,0.272,0.294,0.282,0.284,0.282,0.282,0.287,0.153,0.276,0.152,0.262,0.326,0.378,0.334,0.366,0.33,0.326,0.33,0.31,0.322,0.355,0.374,0.396,0.315,0.299,0.341,0.352,0.29,0.392,0.399,0.363,0.423,0.308,0.381,0.312,0.454,0.357,0.324,0.569,0.445,0.552,0.301,0.307,0.256,0.268,0.333,0.303,0.277,0.271,0.285,0.309,0.229,0.281,0.359,0.359,0.372,0.291,0.323,0.338,0.362,0.321,0.288,0.367,0.286,0.411,0.323,0.38,0.434,0.394,0.388,0.393
10:44:10,0.299,0.31,0.13,0.308,0.362,0.313,0.29,0.318,0.32,0.338,0.319,0.289,0.329,0.325,0.312,0.328,0.343,0.326,0.305,0.31,0.309,0.303,0.174,0.316,0.314,0.311,0.305,0.312,0.289,0.295,0.292,0.294,0.29,0.309,0.161,0.304,0.282,0.28,0.3,0.287,0.288,0.287,0.285,0.29,0.152,0.266,0.152,0.261,0.33,0.379,0.338,0.375,0.331,0.337,0.334,0.317,0.323,0.355,0.381,0.407,0.315,0.299,0.338,0.353,0.291,0.391,0.4,0.362,0.426,0.308,0.386,0.309,0.455,0.366,0.321,0.564,0.419,0.551,0.304,0.311,0.254,0.268,0.339,0.304,0.288,0.278,0.296,0.32,0.246,0.315,0.363,0.361,0.376,0.293,0.325,0.343,0.363,0.331,0.287,0.353,0.287,0.401,0.326,0.381,0.439,0.408,0.393,0.396
10:59:10,0.306,0.318,0.13,0.32,0.332,0.326,0.301,0.326,0.324,0.349,0.328,0.296,0.343,0.331,0.317,0.334,0.356,0.327,0.315,0.315,0.311,0.308,0.178,0.327,0.302,0.319,0.313,0.314,0.291,0.304,0.292,0.298,0.289,0.315,0.162,0.31,0.277,0.277,0.293,0.285,0.286,0.289,0.288,0.294,0.152,0.269,0.152,0.262,0.33,0.381,0.345,0.373,0.335,0.338,0.34,0.321,0.321,0.369,0.387,0.405,0.316,0.299,0.337,0.35,0.297,0.392,0.4,0.364,0.431,0.31,0.394,0.306,0.456,0.369,0.32,0.57,0.417,0.56,0.311,0.316,0.256,0.27,0.341,0.315,0.289,0.283,0.318,0.326,0.251,0.31,0.366,0.365,0.385,0.297,0.33,0.349,0.365,0.343,0.287,0.468,0.287,0.41,0.335,0.385,0.444,0.415,0.395,0.399
11:14:10,0.314,0.326,0.13,0.324,0.326,0.319,0.32,0.336,0.326,0.354,0.338,0.301,0.338,0.325,0.323,0.319,0.348,0.335,0.326,0.318,0.322,0.324,0.182,0.335,0.295,0.313,0.304,0.309,0.295,0.314,0.313,0.326,0.318,0.331,0.161,0.332,0.281,0.276,0.286,0.285,0.291,0.292,0.305,0.307,0.153,0.299,0.152,0.272,0.337,0.381,0.351,0.379,0.342,0.349,0.346,0.325,0.32,0.377,0.393,0.416,0.315,0.3,0.336,0.352,0.291,0.389,0.398,0.361,0.416,0.309,0.387,0.31,0.456,0.373,0.321,0.417,0.472,0.56,0.347,0.341,0.269,0.297,0.368,0.333,0.3,0.293,0.331,0.333,0.262,0.329,0.377,0.363,0.378,0.299,0.329,0.354,0.363,0.337,0.286,0.353,0.288,0.419,0.351,0.394,0.45,0.422,0.397,0.407
11:29:10,0.321,0.335,0.13,0.334,0.33,0.331,0.309,0.344,0.33,0.362,0.347,0.302,0.341,0.327,0.329,0.329,0.352,0.343,0.33,0.328,0.324,0.329,0.188,0.357,0.308,0.321,0.317,0.318,0.302,0.322,0.316,0.331,0.331,0.342,0.161,0.346,0.284,0.277,0.298,0.282,0.292,0.287,0.308,0.314,0.152,0.302,0.152,0.278,0.341,0.384,0.362,0.386,0.347,0.359,0.354,0.293,0.321,0.382,0.404,0.404,0.332,0.299,0.336,0.367,0.294,0.388,0.398,0.362,0.418,0.309,0.386,0.307,0.457,0.377,0.325,0.417,0.494,0.549,0.36,0.347,0.275,0.301,0.379,0.383,0.305,0.299,0.333,0.336,0.261,0.329,0.373,0.366,0.375,0.301,0.331,0.358,0.363,0.339,0.284,0.341,0.288,0.398,0.365,0.4,0.457,0.431,0.402,0.413
11:44:10,0.331,0.348,0.131,0.364,0.333,0.365,0.311,0.349,0.334,0.367,0.354,0.303,0.352,0.349,0.329,0.345,0.357,0.332,0.337,0.331,0.33,0.322,0.19,0.346,0.35,0.339,0.343,0.333,0.323,0.328,0.31,0.316,0.305,0.336,0.161,0.332,0.322,0.297,0.33,0.306,0.305,0.305,0.3,0.31,0.152,0.293,0.151,0.277,0.347,0.383,0.377,0.394,0.354,0.357,0.359,0.328,0.322,0.373,0.414,0.411,0.319,0.299,0.337,0.367,0.298,0.394,0.396,0.363,0.42,0.31,0.384,0.307,0.459,0.377,0.319,0.419,0.504,0.564,0.332,0.338,0.264,0.323,0.366,0.337,0.321,0.302,0.348,0.335,0.265,0.344,0.374,0.368,0.378,0.303,0.337,0.373,0.363,0.347,0.284,0.346,0.288,0.396,0.368,0.401,0.455,0.431,0.406,0.417
11:59:10,0.339,0.352,0.131,0.352,0.339,0.357,0.318,0.355,0.345,0.375,0.367,0.307,0.332,0.337,0.333,0.358,0.353,0.345,0.345,0.35,0.334,0.341,0.194,0.36,0.305,0.334,0.336,0.329,0.323,0.339,0.332,0.334,0.337,0.356,0.161,0.352,0.305,0.296,0.307,0.295,0.313,0.32,0.321,0.33,0.152,0.316,0.152,0.295,0.349,0.385,0.383,0.385,0.358,0.365,0.37,0.345,0.326,0.381,0.421,0.421,0.324,0.303,0.34,0.374,0.301,0.391,0.396,0.364,0.41,0.309,0.378,0.306,0.463,0.379,0.323,0.417,0.52,0.545,0.357,0.359,0.287,0.345,0.387,0.398,0.319,0.315,0.343,0.345,0.271,0.348,0.378,0.371,0.378,0.306,0.338,0.378,0.363,0.346,0.285,0.352,0.289,0.415,0.389,0.406,0.472,0.448,0.41,0.423
12:14:10,0.348,0.359,0.131,0.357,0.339,0.337,0.323,0.366,0.343,0.381,0.371,0.308,0.329,0.343,0.338,0.373,0.356,0.342,0.345,0.347,0.348,0.341,0.2,0.362,0.322,0.333,0.344,0.331,0.329,0.34,0.33,0.331,0.334,0.359,0.161,0.357,0.315,0.305,0.327,0.299,0.32,0.314,0.322,0.337,0.152,0.317,0.151,0.31,0.362,0.382,0.391,0.388,0.385,0.367,0.377,0.315,0.323,0.386,0.428,0.388,0.318,0.303,0.339,0.374,0.301,0.393,0.395,0.364,0.4,0.309,0.374,0.308,0.463,0.372,0.322,0.419,0.509,0.549,0.355,0.36,0.298,0.331,0.396,0.365,0.328,0.322,0.348,0.35,0.288,0.352,0.378,0.371,0.384,0.307,0.341,0.394,0.362,0.345,0.283,0.414,0.289,0.398,0.397,0.411,0.481,0.453,0.417,0.422
12:29:10,0.353,0.363,0.131,0.362,0.36,0.33,0.331,0.372,0.346,0.384,0.376,0.307,0.331,0.346,0.338,0.338,0.38,0.335,0.35,0.353,0.342,0.339,0.208,0.364,0.324,0.339,0.346,0.333,0.333,0.339,0.327,0.33,0.326,0.357,0.161,0.35,0.313,0.305,0.333,0.309,0.323,0.327,0.321,0.333,0.152,0.305,0.152,0.311,0.368,0.378,0.396,0.394,0.368,0.373,0.39,0.317,0.324,0.385,0.434,0.433,0.317,0.304,0.338,0.382,0.305,0.392,0.394,0.367,0.4,0.309,0.374,0.308,0.464,0.38,0.325,0.419,0.499,0.547,0.353,0.357,0.298,0.335,0.392,0.366,0.33,0.322,0.348,0.354,0.287,0.371,0.377,0.377,0.382,0.308,0.344,0.402,0.363,0.346,0.284,0.437,0.289,0.368,0.401,0.419,0.488,0.459,0.422,0.428
12:44:10,0.36,0.368,0.131,0.387,0.344,0.343,0.34,0.377,0.37,0.387,0.382,0.307,0.326,0.353,0.335,0.374,0.37,0.336,0.35,0.359,0.349,0.354,0.217,0.371,0.326,0.339,0.349,0.336,0.343,0.345,0.335,0.337,0.352,0.375,0.161,0.362,0.313,0.322,0.336,0.322,0.326,0.342,0.338,0.33,0.152,0.346,0.152,0.328,0.365,0.374,0.411,0.395,0.385,0.385,0.397,0.36,0.322,0.408,0.44,0.393,0.325,0.306,0.34,0.394,0.306,0.386,0.393,0.369,0.382,0.309,0.375,0.305,0.466,0.375,0.332,0.42,0.529,0.548,0.376,0.37,0.319,0.363,0.397,0.372,0.34,0.328,0.349,0.373,0.281,0.37,0.38,0.376,0.382,0.311,0.343,0.415,0.362,0.344,0.283,0.395,0.29,0.404,0.417,0.426,0.496,0.474,0.425,0.428
12:59:10,0.364,0.371,0.13,0.389,0.35,0.387,0.359,0.38,0.416,0.392,0.385,0.308,0.332,0.351,0.334,0.363,0.392,0.353,0.348,0.349,0.35,0.346,0.228,0.363,0.333,0.344,0.352,0.334,0.344,0.343,0.331,0.332,0.327,0.363,0.161,0.352,0.315,0.324,0.337,0.321,0.326,0.343,0.331,0.323,0.152,0.325,0.151,0.329,0.363,0.376,0.408,0.389,0.374,0.379,0.409,0.354,0.32,0.416,0.441,0.482,0.327,0.308,0.338,0.393,0.303,0.39,0.389,0.37,0.421,0.309,0.372,0.307,0.464,0.373,0.333,0.42,0.54,0.548,0.36,0.36,0.317,0.354,0.397,0.366,0.344,0.335,0.354,0.364,0.303,0.375,0.382,0.379,0.384,0.313,0.355,0.413,0.363,0.347,0.281,0.451,0.289,0.394,0.417,0.435,0.505,0.483,0.427,0.431
13:14:10,0.365,0.372,0.13,0.382,0.34,0.342,0.34,0.38,0.357,0.392,0.386,0.306,0.346,0.355,0.342,0.362,0.379,0.338,0.351,0.361,0.353,0.35,0.238,0.357,0.336,0.346,0.374,0.341,0.354,0.35,0.336,0.336,0.332,0.368,0.161,0.351,0.319,0.326,0.337,0.326,0.326,0.35,0.333,0.332,0.152,0.342,0.152,0.329,0.358,0.38,0.414,0.386,0.377,0.381,0.414,0.335,0.321,0.418,0.45,0.408,0.33,0.308,0.339,0.402,0.311,0.388,0.393,0.369,0.437,0.309,0.387,0.307,0.465,0.364,0.328,0.421,0.575,0.552,0.372,0.37,0.334,0.386,0.397,0.374,0.35,0.344,0.357,0.377,0.293,0.394,0.42,0.383,0.394,0.418,0.359,0.418,0.361,0.372,0.287,0.403,0.29,0.413,0.427,0.444,0.513,0.492,0.429,0.434
13:29:10,0.367,0.372,0.13,0.375,0.373,0.372,0.341,0.384,0.351,0.392,0.388,0.307,0.403,0.358,0.341,0.348,0.431,0.372,0.354,0.352,0.357,0.344,0.243,0.36,0.345,0.353,0.362,0.34,0.355,0.35,0.338,0.342,0.318,0.366,0.16,0.351,0.322,0.332,0.347,0.33,0.336,0.359,0.335,0.326,0.152,0.308,0.151,0.328,0.362,0.383,0.432,0.391,0.385,0.394,0.319,0.32,0.345,0.415,0.455,0.384,0.331,0.307,0.336,0.405,0.312,0.394,0.393,0.371,0.423,0.311,0.379,0.302,0.467,0.39,0.335,0.422,0.58,0.551,0.363,0.361,0.334,0.343,0.396,0.383,0.355,0.355,0.376,0.365,0.305,0.381,0.437,0.386,0.394,0.432,0.367,0.42,0.363,0.361,0.288,0.486,0.29,0.395,0.429,0.449,0.518,0.502,0.432,0.441
13:44:10,0.369,0.373,0.131,0.379,0.34,0.351,0.346,0.384,0.355,0.392,0.388,0.301,0.344,0.355,0.342,0.372,0.424,0.372,0.352,0.353,0.355,0.349,0.248,0.36,0.344,0.352,0.379,0.348,0.353,0.351,0.363,0.344,0.318,0.371,0.161,0.357,0.324,0.329,0.365,0.33,0.334,0.355,0.34,0.331,0.152,0.338,0.152,0.346,0.368,0.386,0.425,0.39,0.385,0.396,0.464,0.32,0.358,0.317,0.462,0.462,0.332,0.309,0.337,0.411,0.31,0.392,0.39,0.366,0.417,0.31,0.374,0.313,0.464,0.391,0.338,0.422,0.583,0.547,0.369,0.366,0.349,0.353,0.399,0.377,0.358,0.361,0.379,0.372,0.304,0.402,0.444,0.389,0.396,0.439,0.373,0.558,0.363,0.379,0.287,0.493,0.29,0.413,0.446,0.453,0.528,0.52,0.434,0.445
13:59:10,0.37,0.383,0.13,0.408,0.393,0.369,0.344,0.381,0.383,0.393,0.389,0.306,0.348,0.359,0.342,0.356,0.435,0.374,0.355,0.354,0.358,0.348,0.258,0.359,0.344,0.356,0.386,0.35,0.359,0.355,0.344,0.347,0.321,0.373,0.16,0.359,0.328,0.336,0.357,0.337,0.339,0.359,0.341,0.33,0.152,0.32,0.151,0.339,0.389,0.389,0.433,0.396,0.39,0.4,0.422,0.356,0.379,0.375,0.468,0.429,0.33,0.309,0.334,0.416,0.309,0.395,0.39,0.369,0.425,0.314,0.38,0.31,0.455,0.397,0.342,0.42,0.602,0.543,0.368,0.362,0.35,0.358,0.398,0.381,0.362,0.365,0.384,0.367,0.294,0.381,0.438,0.393,0.401,0.338,0.383,0.43,0.363,0.398,0.286,0.51,0.29,0.365,0.45,0.463,0.538,0.517,0.439,0.449
14:14:10,0.369,0.388,0.13,0.382,0.34,0.348,0.332,0.383,0.412,0.393,0.389,0.299,0.352,0.359,0.345,0.378,0.45,0.366,0.355,0.358,0.361,0.342,0.271,0.362,0.346,0.357,0.368,0.357,0.36,0.358,0.352,0.349,0.321,0.376,0.16,0.367,0.346,0.336,0.351,0.337,0.338,0.356,0.343,0.335,0.152,0.332,0.152,0.353,0.374,0.393,0.437,0.393,0.408,0.398,0.446,0.276,0.314,0.299,0.473,0.378,0.335,0.311,0.336,0.42,0.313,0.393,0.391,0.37,0.422,0.312,0.379,0.313,0.458,0.403,0.335,0.421,0.589,0.541,0.375,0.373,0.356,0.358,0.404,0.385,0.407,0.373,0.387,0.377,0.315,0.42,0.382,0.452,0.401,0.357,0.392,0.431,0.363,0.342,0.291,0.504,0.29,0.388,0.462,0.467,0.547,0.539,0.443,0.455
14:29:10,0.369,0.387,0.13,0.414,0.344,0.416,0.33,0.382,0.355,0.394,0.389,0.304,0.367,0.362,0.347,0.357,0.463,0.354,0.359,0.358,0.36,0.345,0.276,0.362,0.349,0.36,0.388,0.358,0.363,0.362,0.353,0.351,0.324,0.381,0.16,0.368,0.335,0.341,0.355,0.341,0.344,0.359,0.35,0.337,0.152,0.33,0.151,0.349,0.38,0.397,0.439,0.397,0.397,0.402,0.385,0.304,0.325,0.353,0.476,0.417,0.335,0.311,0.338,0.422,0.313,0.393,0.391,0.373,0.422,0.314,0.384,0.313,0.467,0.406,0.34,0.42,0.581,0.541,0.383,0.379,0.366,0.351,0.407,0.392,0.422,0.375,0.393,0.383,0.335,0.417,0.386,0.464,0.399,0.393,0.398,0.437,0.364,0.322,0.294,0.534,0.292,0.405,0.464,0.474,0.557,0.547,0.448,0.459
14:44:10,0.368,0.4,0.131,0.424,0.337,0.375,0.328,0.387,0.385,0.393,0.386,0.296,0.356,0.364,0.349,0.381,0.481,0.351,0.36,0.361,0.363,0.347,0.285,0.363,0.353,0.363,0.378,0.359,0.367,0.363,0.357,0.352,0.326,0.398,0.16,0.37,0.34,0.345,0.36,0.342,0.349,0.363,0.351,0.34,0.152,0.331,0.151,0.354,0.384,0.399,0.443,0.398,0.403,0.425,0.397,0.332,0.308,0.386,0.485,0.395,0.335,0.311,0.338,0.422,0.316,0.392,0.39,0.371,0.426,0.315,0.377,0.315,0.477,0.404,0.342,0.417,0.564,0.538,0.386,0.388,0.372,0.361,0.41,0.419,0.381,0.379,0.403,0.378,0.287,0.435,0.388,0.469,0.484,0.387,0.404,0.465,0.364,0.336,0.293,0.544,0.292,0.404,0.472,0.48,0.565,0.552,0.452,0.463
14:59:10,0.369,0.376,0.13,0.41,0.339,0.367,0.328,0.386,0.362,0.395,0.389,0.299,0.366,0.367,0.352,0.365,0.452,0.41,0.362,0.366,0.366,0.348,0.291,0.366,0.357,0.366,0.383,0.366,0.376,0.366,0.361,0.353,0.329,0.422,0.16,0.373,0.344,0.346,0.388,0.345,0.35,0.366,0.354,0.343,0.152,0.337,0.151,0.351,0.389,0.405,0.447,0.4,0.407,0.407,0.358,0.304,0.296,0.319,0.481,0.439,0.339,0.309,0.339,0.443,0.309,0.395,0.391,0.368,0.424,0.315,0.376,0.316,0.473,0.397,0.34,0.419,0.56,0.532,0.393,0.387,0.378,0.369,0.416,0.425,0.397,0.384,0.405,0.387,0.302,0.406,0.41,0.475,0.41,0.382,0.41,0.445,0.367,0.328,0.294,0.551,0.293,0.385,0.481,0.485,0.577,0.562,0.456,0.467
15:14:10,0.37,0.375,0.13,0.423,0.337,0.369,0.328,0.386,0.363,0.395,0.39,0.297,0.369,0.37,0.355,0.395,0.486,0.398,0.367,0.37,0.369,0.351,0.294,0.376,0.362,0.368,0.383,0.366,0.379,0.368,0.366,0.369,0.331,0.397,0.16,0.375,0.345,0.349,0.373,0.356,0.364,0.367,0.356,0.351,0.152,0.335,0.151,0.349,0.393,0.409,0.449,0.402,0.41,0.413,0.363,0.422,0.312,0.358,0.489,0.51,0.349,0.301,0.338,0.453,0.315,0.397,0.39,0.369,0.427,0.319,0.379,0.312,0.47,0.414,0.344,0.416,0.56,0.529,0.388,0.391,0.376,0.368,0.437,0.426,0.401,0.384,0.41,0.379,0.341,0.377,0.416,0.482,0.456,0.356,0.413,0.615,0.365,0.335,0.296,0.56,0.293,0.407,0.481,0.491,0.586,0.562,0.462,0.472
15:29:10,0.369,0.38,0.13,0.392,0.338,0.36,0.329,0.388,0.378,0.394,0.39,0.295,0.37,0.372,0.357,0.367,0.489,0.358,0.366,0.368,0.372,0.351,0.296,0.375,0.366,0.37,0.388,0.371,0.383,0.371,0.376,0.362,0.334,0.405,0.16,0.378,0.36,0.359,0.402,0.358,0.357,0.37,0.366,0.352,0.152,0.344,0.151,0.352,0.398,0.412,0.452,0.405,0.44,0.422,0.462,0.344,0.386,0.464,0.468,0.395,0.354,0.3,0.339,0.468,0.313,0.4,0.39,0.37,0.431,0.317,0.376,0.317,0.477,0.425,0.335,0.415,0.547,0.523,0.401,0.392,0.384,0.371,0.419,0.408,0.423,0.409,0.42,0.392,0.375,0.419,0.424,0.486,0.46,0.354,0.413,0.79,0.366,0.333,0.296,0.564,0.293,0.398,0.487,0.497,0.594,0.584,0.465,0.475
15:44:10,0.368,0.376,0.13,0.419,0.339,0.383,0.323,0.386,0.358,0.397,0.39,0.298,0.377,0.375,0.359,0.371,0.513,0.354,0.368,0.371,0.373,0.355,0.298,0.382,0.368,0.374,0.389,0.369,0.386,0.373,0.379,0.361,0.337,0.41,0.16,0.38,0.353,0.358,0.423,0.362,0.36,0.375,0.367,0.351,0.152,0.343,0.151,0.353,0.401,0.416,0.454,0.407,0.416,0.423,0.343,0.338,0.322,0.464,0.514,0.463,0.357,0.301,0.338,0.478,0.321,0.406,0.389,0.372,0.433,0.321,0.381,0.312,0.487,0.435,0.33,0.417,0.55,0.518,0.396,0.397,0.387,0.376,0.422,0.414,0.421,0.416,0.428,0.405,0.347,0.408,0.425,0.497,0.456,0.352,0.415,0.703,0.367,0.324,0.297,0.568,0.293,0.382,0.491,0.507,0.604,0.592,0.47,0.481
15:59:10,0.367,0.387,0.131,0.391,0.343,0.373,0.324,0.381,0.388,0.392,0.385,0.287,0.379,0.398,0.36,0.374,0.526,0.357,0.371,0.371,0.374,0.355,0.297,0.382,0.37,0.375,0.413,0.371,0.389,0.373,0.383,0.363,0.338,0.413,0.16,0.383,0.353,0.363,0.391,0.365,0.364,0.377,0.371,0.396,0.152,0.343,0.151,0.358,0.405,0.42,0.457,0.41,0.421,0.425,0.476,0.373,0.283,0.426,0.518,0.501,0.351,0.303,0.338,0.487,0.327,0.414,0.389,0.371,0.435,0.319,0.379,0.315,0.495,0.441,0.334,0.417,0.54,0.511,0.393,0.397,0.392,0.476,0.428,0.414,0.431,0.422,0.429,0.415,0.441,0.421,0.431,0.485,0.468,0.352,0.417,0.733,0.365,0.337,0.295,0.577,0.294,0.371,0.497,0.514,0.611,0.595,0.474,0.485
16:14:10,0.367,0.372,0.13,0.458,0.338,0.347,0.324,0.389,0.35,0.395,0.387,0.293,0.379,0.407,0.363,0.377,0.547,0.39,0.373,0.373,0.377,0.356,0.303,0.379,0.374,0.377,0.396,0.372,0.391,0.376,0.385,0.369,0.342,0.414,0.161,0.384,0.355,0.362,0.423,0.365,0.411,0.381,0.376,0.36,0.152,0.349,0.151,0.362,0.408,0.423,0.458,0.412,0.424,0.426,0.398,0.274,0.373,0.456,0.517,0.488,0.35,0.306,0.339,0.511,0.337,0.416,0.387,0.366,0.435,0.316,0.367,0.318,0.501,0.452,0.34,0.416,0.524,0.506,0.391,0.396,0.396,0.389,0.426,0.431,0.436,0.426,0.434,0.414,0.422,0.442,0.44,0.49,0.457,0.353,0.419,0.642,0.365,0.347,0.292,0.591,0.298,0.373,0.504,0.521,0.622,0.597,0.476,0.49
16:29:10,0.367,0.373,0.13,0.394,0.341,0.379,0.352,0.391,0.351,0.397,0.39,0.295,0.385,0.389,0.367,0.377,0.549,0.365,0.373,0.378,0.378,0.361,0.302,0.386,0.375,0.381,0.402,0.372,0.395,0.377,0.388,0.371,0.345,0.456,0.16,0.384,0.356,0.365,0.436,0.374,0.365,0.383,0.393,0.364,0.152,0.348,0.151,0.366,0.412,0.426,0.459,0.416,0.425,0.432,0.31,0.395,0.393,0.347,0.466,0.532,0.355,0.31,0.341,0.533,0.341,0.42,0.388,0.369,0.436,0.319,0.381,0.318,0.509,0.456,0.345,0.418,0.525,0.501,0.39,0.401,0.399,0.417,0.432,0.416,0.459,0.431,0.439,0.423,0.295,0.434,0.448,0.493,0.458,0.352,0.419,0.813,0.366,0.409,0.295,0.598,0.301,0.398,0.508,0.528,0.63,0.604,0.482,0.492
16:44:10,0.37,0.377,0.13,0.427,0.344,0.347,0.342,0.387,0.35,0.398,0.39,0.296,0.387,0.41,0.369,0.385,0.559,0.36,0.374,0.377,0.38,0.36,0.311,0.387,0.376,0.382,0.421,0.374,0.396,0.378,0.388,0.374,0.346,0.42,0.16,0.384,0.357,0.367,0.48,0.369,0.369,0.386,0.427,0.364,0.152,0.355,0.151,0.37,0.413,0.429,0.463,0.416,0.451,0.432,0.452,0.294,0.28,0.387,0.501,0.464,0.354,0.314,0.344,0.555,0.441,0.426,0.386,0.372,0.426,0.316,0.372,0.332,0.518,0.457,0.359,0.417,0.515,0.495,0.386,0.396,0.403,0.435,0.43,0.417,0.45,0.438,0.44,0.426,0.332,0.486,0.452,0.498,0.459,0.351,0.419,0.765,0.367,0.445,0.294,0.617,0.306,0.405,0.514,0.533,0.636,0.603,0.485,0.497
16:59:10,0.37,0.413,0.13,0.392,0.339,0.363,0.331,0.389,0.35,0.395,0.387,0.288,0.385,0.396,0.37,0.379,0.551,0.362,0.375,0.38,0.382,0.362,0.31,0.39,0.378,0.384,0.425,0.375,0.399,0.38,0.39,0.378,0.349,0.44,0.16,0.386,0.358,0.37,0.387,0.378,0.369,0.388,0.451,0.415,0.152,0.354,0.151,0.37,0.418,0.432,0.466,0.419,0.43,0.438,0.386,0.304,0.353,0.473,0.329,0.505,0.359,0.318,0.348,0.565,0.454,0.429,0.386,0.373,0.435,0.321,0.376,0.32,0.528,0.462,0.361,0.42,0.508,0.493,0.384,0.397,0.409,0.536,0.434,0.423,0.451,0.439,0.446,0.435,0.358,0.469,0.452,0.496,0.462,0.351,0.418,0.815,0.369,0.481,0.294,0.634,0.309,0.44,0.52,0.541,0.644,0.617,0.493,0.503
17:14:10,0.37,0.377,0.13,0.391,0.338,0.36,0.321,0.39,0.384,0.4,0.389,0.29,0.387,0.41,0.371,0.378,0.561,0.369,0.375,0.383,0.382,0.362,0.306,0.39,0.378,0.383,0.412,0.375,0.402,0.381,0.393,0.387,0.351,0.426,0.159,0.387,0.359,0.371,0.436,0.378,0.391,0.389,0.46,0.371,0.152,0.355,0.151,0.408,0.423,0.434,0.473,0.421,0.435,0.444,0.534,0.303,0.426,0.374,0.412,0.479,0.363,0.322,0.354,0.571,0.465,0.435,0.386,0.378,0.438,0.325,0.396,0.329,0.537,0.469,0.367,0.438,0.502,0.492,0.381,0.396,0.417,0.45,0.444,0.414,0.459,0.443,0.449,0.445,0.36,0.476,0.447,0.501,0.455,0.35,0.414,0.677,0.37,0.532,0.297,0.639,0.313,0.41,0.522,0.547,0.649,0.614,0.498,0.506
17:29:10,0.376,0.378,0.13,0.429,0.368,0.403,0.323,0.391,0.352,0.403,0.392,0.292,0.388,0.393,0.373,0.386,0.566,0.387,0.376,0.383,0.385,0.363,0.32,0.391,0.378,0.384,0.403,0.375,0.403,0.381,0.391,0.38,0.35,0.44,0.16,0.387,0.358,0.37,0.455,0.381,0.371,0.39,0.446,0.367,0.152,0.361,0.151,0.415,0.424,0.436,0.474,0.422,0.437,0.449,0.374,0.275,0.294,0.374,0.486,0.429,0.361,0.327,0.362,0.585,0.478,0.44,0.385,0.376,0.429,0.331,0.381,0.339,0.55,0.468,0.37,0.438,0.496,0.486,0.378,0.395,0.422,0.407,0.431,0.413,0.513,0.444,0.45,0.447,0.356,0.47,0.444,0.5,0.509,0.352,0.408,0.756,0.372,0.527,0.295,0.641,0.319,0.45,0.535,0.553,0.657,0.63,0.504,0.517
17:44:10,0.376,0.393,0.13,0.392,0.384,0.372,0.323,0.39,0.351,0.406,0.392,0.289,0.386,0.387,0.373,0.413,0.57,0.362,0.378,0.384,0.387,0.363,0.325,0.39,0.38,0.386,0.426,0.377,0.405,0.382,0.393,0.381,0.351,0.428,0.16,0.389,0.359,0.377,0.39,0.382,0.373,0.393,0.452,0.369,0.152,0.366,0.151,0.383,0.425,0.437,0.476,0.424,0.438,0.453,0.406,0.274,0.375,0.3,0.369,0.369,0.363,0.329,0.374,0.593,0.484,0.445,0.384,0.373,0.431,0.331,0.381,0.348,0.555,0.485,0.376,0.436,0.494,0.483,0.378,0.393,0.427,0.413,0.433,0.411,0.467,0.447,0.451,0.445,0.402,0.466,0.442,0.503,0.456,0.354,0.402,0.674,0.373,0.53,0.293,0.64,0.358,0.404,0.534,0.558,0.668,0.622,0.512,0.527
17:59:10,0.378,0.382,0.13,0.395,0.344,0.367,0.324,0.391,0.354,0.411,0.394,0.289,0.385,0.413,0.372,0.382,0.567,0.364,0.379,0.383,0.388,0.365,0.331,0.395,0.38,0.386,0.421,0.378,0.407,0.383,0.393,0.382,0.352,0.432,0.16,0.391,0.359,0.387,0.516,0.382,0.374,0.395,0.411,0.39,0.152,0.361,0.151,0.39,0.426,0.438,0.478,0.425,0.44,0.455,0.353,0.42,0.292,0.305,0.35,0.506,0.362,0.331,0.381,0.609,0.493,0.451,0.381,0.378,0.426,0.336,0.382,0.354,0.56,0.498,0.381,0.431,0.491,0.48,0.379,0.395,0.431,0.412,0.433,0.406,0.462,0.451,0.452,0.447,0.38,0.487,0.441,0.503,0.486,0.356,0.401,0.659,0.374,0.527,0.292,0.649,0.379,0.398,0.542,0.564,0.681,0.623,0.515,0.534
18:14:10,0.378,0.381,0.13,0.419,0.36,0.344,0.337,0.391,0.351,0.412,0.393,0.285,0.389,0.396,0.373,0.381,0.572,0.375,0.378,0.422,0.388,0.367,0.335,0.394,0.379,0.385,0.403,0.375,0.407,0.383,0.394,0.385,0.353,0.433,0.159,0.39,0.359,0.373,0.418,0.385,0.468,0.394,0.478,0.372,0.152,0.374,0.151,0.396,0.429,0.438,0.48,0.428,0.444,0.46,0.379,0.275,0.275,0.305,0.393,0.383,0.371,0.334,0.386,0.58,0.503,0.456,0.381,0.382,0.428,0.35,0.391,0.343,0.55,0.507,0.396,0.444,0.486,0.476,0.376,0.396,0.436,0.412,0.432,0.408,0.459,0.452,0.453,0.454,0.389,0.438,0.439,0.513,0.456,0.359,0.408,0.799,0.379,0.536,0.292,0.654,0.441,0.403,0.551,0.571,0.691,0.642,0.523,0.538
18:29:10,0.382,0.382,0.13,0.392,0.345,0.362,0.321,0.389,0.39,0.414,0.393,0.287,0.388,0.412,0.374,0.379,0.569,0.365,0.376,0.42,0.386,0.366,0.343,0.39,0.374,0.382,0.4,0.372,0.404,0.381,0.395,0.383,0.354,0.432,0.159,0.389,0.401,0.374,0.441,0.384,0.387,0.391,0.445,0.373,0.151,0.365,0.151,0.4,0.429,0.44,0.481,0.427,0.444,0.461,0.355,0.431,0.285,0.319,0.46,0.472,0.474,0.339,0.391,0.704,0.51,0.467,0.38,0.386,0.43,0.351,0.396,0.34,0.523,0.511,0.397,0.449,0.481,0.473,0.377,0.389,0.435,0.414,0.429,0.404,0.563,0.452,0.454,0.46,0.328,0.424,0.437,0.517,0.455,0.36,0.409,0.79,0.395,0.53,0.289,0.67,0.46,0.417,0.546,0.577,0.699,0.66,0.526,0.54
18:44:10,0.381,0.382,0.13,0.393,0.349,0.44,0.321,0.389,0.355,0.412,0.394,0.281,0.389,0.395,0.375,0.378,0.573,0.364,0.378,0.419,0.387,0.369,0.348,0.397,0.377,0.383,0.404,0.374,0.407,0.382,0.394,0.384,0.354,0.435,0.158,0.39,0.358,0.374,0.422,0.384,0.373,0.395,0.441,0.372,0.152,0.366,0.151,0.405,0.433,0.441,0.482,0.428,0.445,0.464,0.433,0.383,0.459,0.314,0.485,0.478,0.382,0.339,0.398,0.679,0.516,0.467,0.379,0.387,0.424,0.359,0.396,0.34,0.515,0.511,0.47,0.449,0.482,0.469,0.379,0.392,0.438,0.413,0.43,0.437,0.46,0.454,0.452,0.456,0.411,0.413,0.437,0.554,0.455,0.362,0.42,0.767,0.401,0.524,0.291,0.68,0.553,0.461,0.554,0.582,0.71,0.676,0.531,0.543
18:59:10,0.384,0.381,0.13,0.391,0.348,0.348,0.399,0.392,0.358,0.416,0.395,0.287,0.385,0.398,0.374,0.381,0.571,0.375,0.38,0.387,0.39,0.369,0.351,0.397,0.377,0.385,0.417,0.376,0.409,0.384,0.393,0.385,0.354,0.487,0.159,0.392,0.358,0.376,0.519,0.387,0.375,0.398,0.487,0.418,0.152,0.396,0.151,0.422,0.431,0.442,0.483,0.43,0.445,0.466,0.405,0.292,0.353,0.306,0.523,0.525,0.377,0.34,0.403,0.661,0.518,0.472,0.378,0.389,0.418,0.362,0.403,0.352,0.521,0.516,0.417,0.437,0.478,0.468,0.375,0.392,0.438,0.416,0.429,0.42,0.483,0.456,0.452,0.455,0.399,0.473,0.436,0.51,0.457,0.364,0.429,0.693,0.395,0.534,0.292,0.687,0.555,0.489,0.558,0.589,0.716,0.674,0.535,0.547
19:14:10,0.382,0.397,0.13,0.467,0.347,0.364,0.322,0.387,0.378,0.411,0.392,0.281,0.387,0.416,0.375,0.407,0.57,0.393,0.376,0.423,0.387,0.366,0.353,0.394,0.375,0.383,0.401,0.373,0.406,0.382,0.395,0.387,0.353,0.434,0.159,0.39,0.359,0.375,0.448,0.387,0.373,0.394,0.394,0.375,0.152,0.37,0.151,0.412,0.431,0.443,0.483,0.43,0.446,0.469,0.417,0.424,0.361,0.311,0.36,0.505,0.392,0.344,0.406,0.775,0.519,0.48,0.378,0.383,0.419,0.374,0.408,0.339,0.538,0.522,0.48,0.44,0.473,0.467,0.374,0.39,0.442,0.414,0.428,0.399,0.464,0.455,0.453,0.458,0.48,0.416,0.434,0.519,0.459,0.366,0.43,0.774,0.412,0.525,0.299,0.694,0.575,0.494,0.568,0.597,0.723,0.643,0.538,0.549
19:29:10,0.383,0.381,0.13,0.388,0.346,0.365,0.345,0.387,0.362,0.41,0.393,0.278,0.386,0.395,0.375,0.383,0.574,0.369,0.376,0.422,0.387,0.366,0.365,0.395,0.376,0.383,0.401,0.372,0.406,0.381,0.394,0.446,0.354,0.487,0.159,0.39,0.358,0.375,0.394,0.387,0.422,0.394,0.435,0.374,0.152,0.371,0.151,0.413,0.434,0.444,0.484,0.437,0.447,0.469,0.392,0.431,0.384,0.487,0.525,0.527,0.422,0.345,0.413,0.767,0.521,0.481,0.378,0.383,0.41,0.386,0.411,0.336,0.513,0.532,0.512,0.439,0.469,0.465,0.377,0.388,0.441,0.454,0.43,0.397,0.458,0.495,0.452,0.461,0.435,0.494,0.433,0.516,0.457,0.368,0.431,0.767,0.411,0.524,0.306,0.706,0.591,0.438,0.572,0.603,0.731,0.638,0.541,0.551
19:44:10,0.384,0.382,0.13,0.436,0.411,0.35,0.364,0.392,0.421,0.412,0.393,0.278,0.433,0.416,0.374,0.377,0.569,0.38,0.376,0.39,0.386,0.363,0.376,0.393,0.375,0.382,0.401,0.372,0.404,0.379,0.393,0.387,0.354,0.444,0.159,0.39,0.358,0.375,0.392,0.385,0.374,0.394,0.443,0.376,0.152,0.479,0.151,0.452,0.436,0.444,0.483,0.434,0.448,0.471,0.46,0.293,0.391,0.423,0.475,0.521,0.424,0.349,0.418,0.777,0.522,0.48,0.378,0.381,0.409,0.389,0.417,0.338,0.528,0.539,0.538,0.438,0.465,0.464,0.375,0.4,0.441,0.415,0.427,0.403,0.459,0.456,0.45,0.461,0.419,0.478,0.431,0.515,0.462,0.371,0.458,0.748,0.417,0.523,0.311,0.963,0.604,0.483,0.57,0.607,0.736,0.626,0.545,0.554
19:59:10,0.385,0.382,0.13,0.409,0.364,0.353,0.325,0.394,0.373,0.415,0.4,0.279,0.384,0.421,0.375,0.462,0.568,0.376,0.377,0.419,0.388,0.366,0.377,0.391,0.373,0.381,0.401,0.372,0.405,0.379,0.393,0.389,0.353,0.437,0.158,0.391,0.359,0.423,0.429,0.386,0.454,0.396,0.416,0.422,0.151,0.371,0.15,0.416,0.434,0.445,0.483,0.436,0.449,0.472,0.407,0.382,0.414,0.389,0.477,0.382,0.424,0.35,0.422,0.77,0.522,0.479,0.376,0.381,0.401,0.408,0.406,0.342,0.53,0.545,0.561,0.431,0.462,0.462,0.376,0.387,0.444,0.412,0.425,0.435,0.457,0.456,0.451,0.466,0.401,0.422,0.431,0.515,0.455,0.372,0.439,0.769,0.416,0.526,0.308,0.994,0.617,0.509,0.574,0.61,0.741,0.636,0.548,0.557
20:14:10,0.384,0.38,0.13,0.392,0.383,0.415,0.333,0.388,0.399,0.412,0.396,0.278,0.385,0.401,0.374,0.438,0.556,0.359,0.377,0.381,0.388,0.363,0.385,0.389,0.373,0.382,0.399,0.372,0.405,0.377,0.392,0.388,0.352,0.437,0.159,0.391,0.358,0.373,0.431,0.386,0.374,0.396,0.434,0.375,0.151,0.371,0.151,0.418,0.435,0.447,0.485,0.436,0.448,0.472,0.393,0.39,0.36,0.46,0.406,0.431,0.429,0.35,0.426,0.766,0.528,0.472,0.376,0.382,0.557,0.408,0.411,0.348,0.543,0.551,0.577,0.427,0.463,0.463,0.377,0.387,0.445,0.407,0.427,0.399,0.468,0.458,0.449,0.463,0.53,0.441,0.43,0.511,0.455,0.374,0.442,0.742,0.425,0.528,0.309,0.995,0.627,0.502,0.582,0.615,0.747,0.633,0.551,0.559
20:29:10,0.385,0.385,0.13,0.448,0.348,0.364,0.39,0.393,0.371,0.415,0.397,0.281,0.385,0.417,0.374,0.382,0.57,0.361,0.376,0.414,0.386,0.365,0.377,0.39,0.373,0.379,0.424,0.369,0.402,0.377,0.393,0.412,0.353,0.435,0.159,0.389,0.359,0.374,0.44,0.385,0.373,0.393,0.454,0.375,0.151,0.372,0.151,0.417,0.438,0.449,0.484,0.438,0.451,0.474,0.49,0.412,0.278,0.483,0.469,0.548,0.436,0.35,0.43,0.77,0.53,0.468,0.376,0.378,0.568,0.416,0.415,0.335,0.546,0.55,0.586,0.424,0.46,0.462,0.376,0.388,0.447,0.418,0.431,0.421,0.473,0.457,0.45,0.467,0.406,0.422,0.429,0.506,0.455,0.377,0.441,0.751,0.433,0.529,0.313,0.994,0.639,0.514,0.587,0.621,0.753,0.631,0.556,0.562
20:44:10,0.384,0.378,0.13,0.422,0.347,0.367,0.367,0.387,0.372,0.412,0.397,0.276,0.384,0.417,0.375,0.438,0.566,0.363,0.375,0.381,0.386,0.362,0.385,0.39,0.374,0.379,0.42,0.37,0.402,0.374,0.39,0.386,0.351,0.434,0.159,0.389,0.358,0.414,0.424,0.385,0.373,0.396,0.439,0.374,0.151,0.368,0.151,0.415,0.437,0.449,0.485,0.437,0.451,0.475,0.405,0.291,0.33,0.318,0.349,0.541,0.438,0.347,0.432,0.767,0.532,0.462,0.376,0.378,0.591,0.423,0.412,0.344,0.537,0.556,0.588,0.418,0.457,0.463,0.375,0.388,0.445,0.416,0.427,0.399,0.454,0.458,0.448,0.462,0.461,0.477,0.428,0.532,0.456,0.378,0.445,0.774,0.44,0.524,0.311,0.991,0.648,0.468,0.583,0.624,0.756,0.632,0.558,0.564
20:59:10,0.385,0.391,0.13,0.423,0.396,0.426,0.457,0.389,0.37,0.412,0.4,0.277,0.384,0.412,0.373,0.378,0.557,0.367,0.377,0.417,0.387,0.365,0.377,0.394,0.371,0.379,0.428,0.369,0.403,0.376,0.392,0.386,0.353,0.435,0.159,0.391,0.358,0.373,0.45,0.383,0.441,0.396,0.447,0.375,0.151,0.369,0.151,0.416,0.439,0.451,0.486,0.439,0.452,0.477,0.5,0.44,0.303,0.436,0.527,0.492,0.438,0.345,0.436,0.765,0.534,0.456,0.378,0.377,0.594,0.43,0.421,0.335,0.551,0.563,0.612,0.414,0.456,0.462,0.374,0.421,0.447,0.417,0.423,0.399,0.453,0.457,0.448,0.465,0.405,0.457,0.428,0.543,0.454,0.38,0.443,0.768,0.448,0.521,0.312,0.991,0.654,0.527,0.583,0.628,0.76,0.637,0.561,0.567
21:14:10,0.387,0.378,0.13,0.381,0.344,0.401,0.471,0.391,0.396,0.413,0.396,0.279,0.381,0.409,0.373,0.406,0.565,0.362,0.373,0.392,0.385,0.363,0.384,0.391,0.372,0.378,0.397,0.368,0.4,0.372,0.389,0.441,0.35,0.436,0.159,0.389,0.356,0.37,0.446,0.382,0.373,0.394,0.426,0.373,0.15,0.377,0.151,0.416,0.44,0.452,0.487,0.439,0.452,0.479,0.469,0.283,0.406,0.42,0.499,0.513,0.439,0.344,0.439,0.767,0.535,0.454,0.38,0.378,0.611,0.422,0.422,0.337,0.572,0.58,0.608,0.41,0.454,0.464,0.373,0.388,0.445,0.413,0.425,0.395,0.452,0.458,0.448,0.462,0.443,0.439,0.426,0.537,0.451,0.382,0.446,0.747,0.454,0.517,0.317,0.987,0.661,0.501,0.582,0.631,0.761,0.633,0.565,0.569
21:29:10,0.384,0.38,0.13,0.435,0.355,0.382,0.34,0.385,0.371,0.409,0.395,0.279,0.381,0.401,0.373,0.375,0.558,0.379,0.373,0.395,0.384,0.362,0.377,0.39,0.37,0.376,0.418,0.366,0.4,0.373,0.389,0.384,0.351,0.433,0.158,0.389,0.356,0.372,0.447,0.408,0.371,0.392,0.451,0.377,0.15,0.371,0.15,0.417,0.442,0.453,0.488,0.441,0.453,0.479,0.542,0.447,0.28,0.39,0.47,0.56,0.439,0.345,0.44,0.763,0.538,0.45,0.379,0.379,0.635,0.452,0.434,0.335,0.583,0.59,0.62,0.404,0.455,0.463,0.372,0.423,0.446,0.413,0.426,0.394,0.454,0.457,0.447,0.469,0.51,0.516,0.425,0.536,0.525,0.383,0.449,0.741,0.46,0.515,0.315,0.986,0.664,0.504,0.581,0.634,0.766,0.634,0.568,0.57
21:44:10,0.384,0.376,0.13,0.405,0.425,0.368,0.399,0.387,0.372,0.411,0.396,0.281,0.383,0.414,0.373,0.375,0.561,0.382,0.374,0.405,0.384,0.372,0.385,0.4,0.371,0.376,0.393,0.366,0.4,0.371,0.389,0.44,0.35,0.435,0.158,0.39,0.356,0.398,0.389,0.381,0.371,0.394,0.416,0.394,0.151,0.372,0.15,0.416,0.443,0.455,0.49,0.441,0.455,0.48,0.53,0.441,0.381,0.318,0.419,0.464,0.438,0.343,0.44,0.768,0.537,0.446,0.381,0.379,0.673,0.475,0.426,0.342,0.588,0.59,0.625,0.397,0.453,0.464,0.375,0.386,0.445,0.409,0.423,0.388,0.472,0.457,0.447,0.466,0.42,0.436,0.425,0.536,0.501,0.384,0.447,0.824,0.463,0.511,0.319,0.986,0.667,0.502,0.58,0.639,0.77,0.634,0.57,0.574
21:59:10,0.38,0.392,0.13,0.383,0.385,0.404,0.357,0.385,0.376,0.41,0.397,0.28,0.38,0.393,0.372,0.376,0.561,0.378,0.373,0.383,0.384,0.362,0.385,0.391,0.368,0.376,0.393,0.366,0.399,0.372,0.389,0.464,0.351,0.483,0.158,0.39,0.359,0.372,0.502,0.437,0.386,0.392,0.46,0.374,0.151,0.371,0.15,0.418,0.445,0.457,0.492,0.443,0.457,0.484,0.347,0.358,0.361,0.345,0.396,0.392,0.44,0.343,0.441,0.768,0.539,0.442,0.382,0.381,0.716,0.464,0.449,0.339,0.595,0.592,0.644,0.394,0.453,0.465,0.373,0.39,0.446,0.439,0.454,0.388,0.451,0.459,0.446,0.468,0.498,0.513,0.425,0.54,0.461,0.387,0.443,0.693,0.47,0.509,0.327,0.99,0.672,0.504,0.583,0.645,0.774,0.639,0.575,0.577
22:14:10,0.375,0.371,0.13,0.376,0.386,0.367,0.362,0.379,0.373,0.408,0.392,0.276,0.378,0.41,0.371,0.373,0.546,0.359,0.37,0.382,0.383,0.359,0.389,0.39,0.367,0.375,0.392,0.365,0.397,0.37,0.388,0.459,0.35,0.433,0.158,0.39,0.356,0.371,0.388,0.381,0.37,0.391,0.409,0.41,0.151,0.371,0.15,0.419,0.446,0.459,0.491,0.444,0.457,0.484,0.409,0.365,0.327,0.435,0.481,0.559,0.441,0.342,0.441,0.764,0.538,0.441,0.386,0.383,0.739,0.446,0.45,0.332,0.601,0.595,0.618,0.391,0.454,0.466,0.376,0.388,0.446,0.415,0.428,0.388,0.451,0.46,0.444,0.467,0.483,0.47,0.424,0.544,0.485,0.388,0.453,0.716,0.473,0.506,0.322,0.99,0.677,0.508,0.592,0.648,0.776,0.636,0.578,0.579
22:29:10,0.378,0.371,0.13,0.461,0.396,0.367,0.377,0.385,0.376,0.413,0.393,0.281,0.381,0.403,0.372,0.398,0.568,0.404,0.368,0.383,0.381,0.392,0.384,0.392,0.357,0.372,0.417,0.362,0.395,0.37,0.39,0.449,0.351,0.434,0.157,0.389,0.356,0.368,0.389,0.381,0.368,0.39,0.456,0.373,0.15,0.376,0.15,0.419,0.464,0.46,0.492,0.446,0.459,0.486,0.519,0.436,0.393,0.402,0.512,0.484,0.44,0.343,0.44,0.761,0.536,0.438,0.387,0.387,0.744,0.462,0.455,0.328,0.6,0.604,0.619,0.388,0.456,0.469,0.37,0.384,0.445,0.413,0.422,0.385,0.448,0.46,0.444,0.475,0.413,0.457,0.425,0.544,0.521,0.389,0.452,0.821,0.476,0.503,0.326,0.99,0.68,0.51,0.591,0.652,0.778,0.627,0.582,0.582
22:44:10,0.376,0.37,0.13,0.383,0.347,0.377,0.406,0.376,0.394,0.412,0.392,0.282,0.38,0.406,0.368,0.403,0.549,0.36,0.369,0.407,0.382,0.358,0.388,0.392,0.359,0.373,0.425,0.362,0.396,0.369,0.387,0.442,0.349,0.433,0.158,0.388,0.356,0.369,0.389,0.42,0.37,0.389,0.453,0.371,0.15,0.368,0.15,0.459,0.448,0.462,0.494,0.447,0.461,0.487,0.403,0.431,0.302,0.423,0.537,0.53,0.439,0.343,0.442,0.762,0.536,0.435,0.39,0.39,0.75,0.456,0.456,0.325,0.602,0.603,0.613,0.387,0.455,0.471,0.371,0.386,0.444,0.41,0.421,0.386,0.449,0.46,0.443,0.471,0.422,0.431,0.424,0.544,0.498,0.391,0.454,0.715,0.478,0.507,0.317,0.99,0.682,0.511,0.593,0.656,0.778,0.625,0.585,0.584
22:59:10,0.378,0.38,0.13,0.426,0.353,0.426,0.353,0.373,0.377,0.413,0.394,0.285,0.376,0.405,0.368,0.372,0.556,0.357,0.369,0.376,0.381,0.358,0.39,0.389,0.363,0.373,0.397,0.362,0.396,0.368,0.387,0.45,0.35,0.433,0.157,0.389,0.357,0.37,0.444,0.379,0.368,0.389,0.401,0.441,0.151,0.395,0.15,0.416,0.451,0.464,0.496,0.448,0.462,0.487,0.464,0.318,0.4,0.427,0.467,0.468,0.441,0.347,0.442,0.762,0.538,0.432,0.393,0.394,0.757,0.446,0.471,0.324,0.605,0.597,0.635,0.385,0.454,0.473,0.374,0.389,0.443,0.413,0.428,0.386,0.495,0.461,0.443,0.467,0.477,0.467,0.424,0.544,0.461,0.393,0.452,0.744,0.483,0.518,0.354,0.992,0.683,0.51,0.595,0.659,0.78,0.628,0.59,0.586
23:14:10,0.373,0.368,0.13,0.374,0.347,0.375,0.443,0.373,0.437,0.41,0.393,0.285,0.375,0.412,0.369,0.37,0.53,0.382,0.368,0.413,0.38,0.358,0.393,0.387,0.362,0.372,0.415,0.362,0.394,0.365,0.385,0.445,0.347,0.432,0.157,0.387,0.354,0.369,0.387,0.44,0.368,0.389,0.394,0.368,0.15,0.378,0.15,0.455,0.45,0.466,0.496,0.448,0.463,0.488,0.504,0.327,0.345,0.358,0.492,0.522,0.44,0.347,0.442,0.764,0.537,0.43,0.395,0.397,0.771,0.453,0.469,0.331,0.606,0.597,0.646,0.381,0.454,0.475,0.376,0.388,0.444,0.41,0.426,0.383,0.496,0.459,0.44,0.463,0.455,0.448,0.424,0.543,0.471,0.393,0.456,0.801,0.484,0.5,0.334,0.993,0.683,0.511,0.594,0.662,0.781,0.627,0.591,0.587
23:29:10,,,,,,,,,,,,,0.376,0.413,0.369,0.401,0.544,0.357,0.368,0.403,0.38,0.355,0.396,0.387,0.361,0.37,0.42,0.36,0.393,0.365,0.385,0.433,0.346,0.431,0.158,0.387,0.354,0.38,0.408,0.38,0.367,0.389,0.44,0.399,0.15,0.37,0.15,0.418,0.451,0.467,0.497,0.451,0.466,0.49,0.498,0.36,0.32,0.395,0.394,0.461,0.44,0.348,0.44,0.784,0.537,0.429,0.398,0.398,0.788,0.479,0.469,0.333,0.608,0.599,0.635,0.38,0.455,0.477,0.376,0.386,0.444,0.407,0.423,0.381,0.447,0.458,0.444,0.469,0.401,0.424,0.425,0.541,0.471,0.395,0.46,0.73,0.486,0.5,0.353,0.997,0.683,0.511,0.596,0.665,0.781,0.627,0.594,0.59
23:44:10,,,,,,,,,,,,,0.374,0.396,0.368,0.369,0.535,0.357,0.367,0.407,0.382,0.357,0.4,0.387,0.359,0.371,0.395,0.359,0.392,0.365,0.386,0.463,0.347,0.432,0.157,0.387,0.354,0.367,0.432,0.38,0.376,0.388,0.413,0.371,0.15,0.369,0.15,0.446,0.454,0.47,0.499,0.452,0.467,0.492,0.398,0.334,0.339,0.356,0.375,0.543,0.439,0.346,0.44,0.783,0.537,0.427,0.403,0.4,0.777,0.462,0.477,0.333,0.61,0.595,0.619,0.378,0.455,0.479,0.377,0.387,0.444,0.409,0.425,0.381,0.445,0.456,0.44,0.466,0.409,0.442,0.424,0.541,0.481,0.398,0.457,0.716,0.487,0.64,0.546,0.999,0.683,0.512,0.594,0.668,0.782,0.625,0.599,0.593
23:59:10,,,,,,,,,,,,,0.374,0.406,0.368,0.388,0.546,0.355,0.365,0.376,0.378,0.354,0.401,0.385,0.359,0.371,0.386,0.359,0.39,0.365,0.384,0.461,0.346,0.459,0.158,0.385,0.353,0.367,0.445,0.375,0.365,0.384,0.454,0.37,0.15,0.366,0.151,0.414,0.457,0.473,0.502,0.454,0.47,0.495,0.516,0.316,0.316,0.494,0.519,0.517,0.441,0.344,0.44,0.782,0.537,0.426,0.406,0.402,0.79,0.47,0.495,0.331,0.609,0.594,0.629,0.375,0.455,0.482,0.373,0.388,0.443,0.406,0.428,0.385,0.445,0.456,0.441,0.463,0.497,0.442,0.424,0.541,0.469,0.398,0.458,0.802,0.489,0.492,0.553,0.987,0.683,0.512,0.594,0.672,0.782,0.625,0.603,0.594
24:14:10,,,,,,,,,,,,,0.373,0.413,0.368,0.375,0.542,0.357,0.365,0.376,0.378,0.356,0.407,0.383,0.356,0.368,0.412,0.356,0.388,0.364,0.384,0.462,0.346,0.428,0.157,0.386,0.355,0.367,0.449,0.428,0.366,0.384,0.43,0.374,0.15,0.369,0.146,0.426,0.458,0.475,0.503,0.456,0.471,0.497,0.423,0.331,0.298,0.379,0.554,0.57,0.441,0.343,0.438,0.781,0.538,0.424,0.409,0.405,0.781,0.478,0.486,0.331,0.609,0.594,0.636,0.372,0.455,0.484,0.374,0.386,0.444,0.408,0.421,0.381,0.443,0.455,0.438,0.461,0.52,0.509,0.424,0.54,0.486,0.401,0.457,0.734,0.489,0.502,0.565,0.991,0.683,0.513,0.592,0.675,0.782,0.625,0.605,0.596